value,count(1)
brits,187
brits2020,171
askmonstax,94
benvenutalalisa,67
animalcrossing,62
coronavirus,55
ashrafsinclair,47
riaa,44
bts,40
thebachelor,36
maga,33
worldalbums,33
shopmycloset,32
maga kag2020,32
atinselfieday morhot10,32
social50,29
loveisland,26
killthislove bestmusicvideo iheartawards,25
happy23rdbdayplan,25
giveaway,23
astros,23
fansdemandsidnaazshow,23
nowplaying,22
ultimateloveng,22
presidentwarren,21
aftertrumptooktruthserum,21
thankyouace,20
giphyxbts,20
monbebe allaboutluv askmonstax,20
giphyxbts btsarmy,20
aldubxadnmakeithappen,19
resistanceunited,19
britawards brits2020,17
blackhistorymonth,15
nativetwitter,15
pardontheswamp,15
ucl,15
killthislove favechoreography iheartawards,14
brits mjss20,14
jfcavrillavigne,13
allaboutluv askmonstax,13
macron toulouse,13
mots7sweepstakes,13
daytona500,13
4everasen,12
mytwitteranniversary,12
breaking,12
carpoolkaraoke,12
happinessbeginstour,11
onmyblock,11
mufc,11
drinkwineday,11
readytorun,11
leafsforever,11
theyareexobecauseofexo exo,11
brits brits2020,11
nationaldrinkwineday,11
covid19,11
bitcoin,11
deepthoughtsfrombillbarr,10
jeffreestarcosmetics bloodlust,10
aewdark,10
jungkook,10
thebritawards,10
minimike,10
democrats,10
warrenmediablackout,10
bvbpsg,10
lovefromsean,10
trampoline bestremix iheartawards,10
onepoundwarriors,9
mapofthesoultour,9
rtxon,9
btsarmy bestfanarmy iheartawards,9
poshmark fashion style shopmycloset,9
onlybernie,9
wemissyousid,9
atinselfieday,9
twd,9
carpoolkaraoke btscarpoolfeb25,9
outlander,8
sagittarius,8
loseyoutoloveme bestlyrics iheartawards,8
wilderfury2 bombzquad grandarrivals,8
birdsofprey,8
nct,8
win,8
maga kag,8
makeitrightwithyou,8
kimyohan,8
wuhan,7
qanon,7
uncutgems,7
4corners,7
bloomberg,7
wgbhdebate,7
hot100,7
happyjungwooday,7
nada,7
killthislove,7
canucks,7
okbye,7
renewannewithane,7
rogerstone,7
poshmark fashion,7
prayingforryan,7
bernie,7
fakenews coronavius,6
votebluenomatterwho,6
notimetodie brits,6
billieeilish notimetodie brits2020,6
happybirthdayjhope,6
bungacitralestari ashrafsinclair,6
illini,6
allaboutluv askmonstax monstax,6
etsy,6
gators,6
yanggang,6
wetsuwenstrong,6
tittytuesday,6
got7,6
kag,6
twibbon,6
residentevil3remake rebhfun,6
criminalclownpresident,6
iykeresa ultimateloveng,5
mambaforever,5
whereswarren,5
nbaallstar,5
theconners,5
trump,5
socialbizchat,5
cbjvsphi nowornever,5
thensls,5
hongkong,5
btsarmy jhopeday,5
benvenutalalisa blackpink lisa,5
promare galolio,5
seahawks,5
repost,5
thefalconandthewintersoldier,5
transcrowdfund,5
gtlive,5
rip,5
sonicmovie,5
auspol,5
metoo,5
diamondprincess,5
onlyfans,5
letsgopens,5
sb19,5
bernie2020,5
notagainsu,5
hubei covid19,5
newprofilepic,5
boywithluv bestmusicvideo iheartawards,5
supergirl,5
taurus,5
pens,5
dailylie,5
skzunlockinla,5
spygate,5
thereturn,5
cbj,5
realitywinner,5
hearthebern,5
projecta,5
janetdubois,4
exo,4
whereiswarren,4
redrawriegan fireemblemthreehouses fe3h,4
2020dimilixweek,4
tn memphis,4
insteadofballoonsformybirthday,4
jungwoo,4
nevadacaucus,4
instablock,4
capricorn,4
happybirthdayjhope sunshinehobiday bts btsfanart jhopefanart,4
nascar,4
hbdjhope,4
kashmir,4
wendywilliams,4
demdebate,4
writingcommunity,4
findom,4
pickletrump,4
ffxiv,4
bcbudget,4
yr,4
sidnaaz,4
loveisblind,4
master,4
loganact,4
killthislove bestmusicvideo,4
retweet,4
il14,4
ncbtchat,4
auschwitz,4
promchallenge,4
pokemonswsh,4
iran,4
bts btsarmy,4
leafs,4
fakeitlikealtnews,4
elephantnation,4
priceisright,4
pixelart gamedev blender lowpoly,4
ohmfluke,4
fakenews,4
update,4
100daysofcode,4
flyers,4
whiteybulger,4
manifest,4
happybirthdayjhope happyjhopeday,4
wwenxt,4
killthislove favechoreography,4
bernieflag nevadacaucus2020,4
webarebears,4
jbgcommunity,4
dancingwithastranger bestcoversong iheartawards,4
shortyawards,4
nintendoswitchlite,4
treatliamwithkindness,4
pixel4,4
10000hours bestlyrics iheartawards,4
asimriaz,3
goodtimes,3
biomediawarfare,3
segacinematicuniverse,3
bbc,3
siestakey,3
jumsp4p,3
changeisateamsport benvenutalalisa,3
impeached4life,3
virgo,3
btsarmy bts,3
warren2020,3
theflash,3
womeninscience,3
dyk b2,3
changes eta,3
eccc funko funkopop giveaway,3
discord,3
streamweekend lp1,3
eta,3
goptraitors,3
trump2020,3
gemini,3
confrontingholocaustdenial,3
skzunlockinusa,3
cabtv,3
covid19 coronavirus,3
mentalhealth,3
karakaxlist china uyghurs,3
dumptrump,3
batwoman,3
randomactofkindnessday,3
love,3
tvtime,3
bekind,3
securityfabric fortinet,3
thankyoubillie,3
hk,3
jordansviewexpress sotu,3
agnation bestfanarmy iheartawards,3
iheartawards bestmusicvideo boywithluv,3
impracticaljokers nyc,3
china xijinping,3
votered2020 trump2020,3
americafirst,3
unlv,3
edelgard fe3h,3
mewsuppasit,3
brits2020 harrystyles,3
gohabsgo,3
decisions,3
sheith,3
dungeonsanddragons rpg dndcharacter dice,3
twitch,3
stkevins,3
benvenutalalisa lisa lalisa,3
eu,3
edchat,3
nsfw,3
psgbvb,3
mainemendoza mainemcdocaypombobukasna,3
cameroon,3
fansdemandsidnaazshow wemissyousid,3
music,3
fan avnstars,3
ca23,3
football,3
ynwa,3
swatteammorningarrest,3
florida,3
onthisday,3
preds,3
sweepstakes tunespeak,3
woodenaward,3
chucktodd,3
brattysis,3
blagojevich michaelmilken,3
valentinesday,3
venezuela,3
goaloftheday,3
neverbloomberg,3
sonadebate,3
leo,3
godmorningtuesday,3
syria,3
allaboutluv,3
revealed,3
freerealitywinner,3
beyondurgent callingallwithaheart urgentpalmvalleypack,3
sarscov2,3
tornadotrump,3
mamamoo,3
berniesanders,3
chatms,3
democratic,3
firemanfred,3
legendsoftomorrow,3
weloveyoutaehyung,3
soundcloud np,3
mars2020,3
thankyouace loveaceforever,3
tokopediaxhbdjhope,3
bengals,3
michaelbloomberg,3
fireemblem threehouses nintendoswitch,3
ps4share,3
smartnews,3
barcelona pavilion miesvanderrohe,3
wvu,3
projectforjuanbie,3
uclmotm,3
alpolitics,3
fiesta,3
fortnite,3
sidnaaz mujhseshaadikaroge shehnaazkishaadi,3
dreamcatcher dreamcatcherfanart dreamcatcherscream,3
customvideo,3
fortheh,3
sens,3
bernie billionaires,3
thewitcher,3
johncena wwe,3
otd,3
adoptmetrades,3
ryannewman rushlimbaugh,3
doctorwho,3
lisa lisablackpink lisaxprada italia blinks,3
lhhny,3
longdick,3
myohmystreamingparty,3
badgers,3
nurown,3
ericjolliffe yrp,2
vietnamwar,2
assad,2
illegally campaignfunds gambling,2
coronavirus magu,2
starpatrol,2
mondaymotivaton,2
onevoice1,2
nevertrump,2
slc,2
covid19 sarscov,2
smileagainhanbin,2
sidnaaz shehnaazgill shehnaazkishaadi,2
syria aleppo,2
iraq,2
yelp,2
potus45,2
proudmemberofcult45,2
fact,2
thegooddoctor,2
raw,2
tropical,2
fightfor15 raisethewage,2
killstream,2
northkorea,2
tron,2
shamimpeachmenttrial,2
scicomm asc2020,2
palestinians,2
america,2
twitter,2
johnnydepp,2
new,2
crashlandingonyou,2
stlblues,2
success,2
vimeo,2
indoctrination,2
hazbinhotel hazbinhotelfanart alastor angeldust radiodust,2
newamsterdam,2
universe,2
brits2020 lewiscapaldi,2
justmythoughtscomingfromasportsjunkieregardlessmyownsportiplay,2
d40firstlook,2
happyjhopeday ourremedyjhope,2
fvsu,2
podernfamily noonecares whydoibother,2
melbourne,2
notmeus,2
buildthewall,2
rt share,2
btscarpoolfeb25,2
onemoment,2
rt,2
bcpoli,2
democrat,2
ccp,2
promisesmadepromiseskept,2
tuesdaythoughts giphyxbts,2
cwork,2
doubledomme rtgame,2
pajamajamsd,2
hongkong asbc,2
balochistan coronavirus,2
sexy,2
nicetomeetya,2
xinjiang,2
medicare socialsecurity,2
mulan crazyrichasians khenghuatan christinamkim,2
pokemon,2
tuesdaymotivation,2
pens inbryanwerust,2
crypto,2
reddie,2
ihadztotreatya,2
invisiblechains,2
tongueouttuesday,2
isles,2
alltheyearslive,2
wow tuesdaythoughts,2
paypal giveaway,2
jhope,2
gopcorruptionovercountry,2
universalcredit insidethewelfarestate,2
happybirthdaymabel,2
votekatyperry kca,2
twitterstorm freeassange,2
macron france,2
neozone,2
lisa lalisa benvenutalalisa,2
ripanitra fvsu,2
bottomshiro2020 shirosbirthday nsfw shance,2
themoyboys socialstaraward iheartawards,2
ozark,2
trump2020landslide,2
jagnation,2
twitternaturecommunity,2
aquarius,2
afterlife,2
scorpios,2
tacotuesday,2
btscarpoolfeb25 bts army latelateshow,2
ncaabaseball,2
kuttistory,2
tuesdaytruth,2
iot,2
thefive trump2020 maga2020landslide,2
tst,2
mood newreleases2020,2
motherlandcalls sky volgograd,2
mujseshaadikaroge,2
t32020,2
potus,2
raise hand retweet presidenttrump sue those illegally conspired,2
theone,2
podcast,2
britawards2020,2
artshare,2
randomactsofkindness,2
gainszn,2
sidharthshukla shehnazkaur,2
pinsiders,2
sb19cnnlife sb19givesyoulife sb19,2
fadefrenzy nbaallstar,2
dna,2
turtletuesday,2
poetry bible god,2
discorddown,2
horror,2
btsarmy bestfanarmy,2
me bestchoreography iheartawards,2
favebatstory,2
tanhaji,2
jhopebirthday,2
exolsupportnng,2
familyonamission hookem,2
cbjvsphi,2
nwapowerrr,2
seventeen,2
teampete,2
qarmy qanon,2
lisa,2
prototype javascript,2
ericafernandes,2
blockchain,2
elevon,2
bancodeseries,2
climate,2
earnhistory,2
airdrop ebx,2
policestate,2
nebpreps,2
btc,2
aom,2
lockeandkey,2
valimai,2
gold,2
social50 iheartawards,2
happytimes happyset,2
ygkc,2
irs,2
photochallenge2020february,2
selenagomez selenagom notfair imspecial,2
batffleck batfleck thebatman,2
baekhyun,2
parcelfarceuk,2
antifa,2
stillvotingyang unsuspend,2
theyareexobecauseofexo,2
smokeandmirrorstour,2
riverdale,2
malliard,2
spotifyhouseofchanges,2
thalapathyvijay master,2
weloveliam,2
greavsie,2
shortyawards getthew,2
theresident,2
coal,2
bernieintacoma bernie2020 notmeus,2
ad,2
vunbeatable maranamass,2
neozonechartshow,2
ubicaucus,2
bookbirthday,2
daedalus shelley,2
dougford education,2
btsxsia,2
spygate kavanaugh feinstein,2
realmenrealsex musclebear,2
fireemblemthreehouses fe3h byleth jeralteisner,2
trans,2
escapefromtarkov,2
yankees,2
summerslam,2
ca,2
ten,2
sonicthehedgehog,2
ggpr,2
competition,2
betweenthescenes,2
cygnus,2
walkaway,2
illustrations,2
latinx,2
newsnight,2
sehun,2
xiabaolong hongkong,2
resistance wwii,2
brits2020 brits,2
cnn msnbc,2
breaking 9today,2
soyeon soojin,2
nowplaying anghami,2
xena,2
postcrossing,2
ridefair,2
paraschhabra biggboss13,2
aaf,2
abcforlife starzgettheapp,2
vaccine,2
trump bloomberg,2
bears,2
coronavirusoutbreak,2
persecuted humanrights christian church truth,2
new brits,2
wegotplayed,2
shittyconceptmujhseshaadikroge,2
decouple,2
inlinkz linkup,2
jokes funny humor joke,2
wangyibo,2
quotes,2
trakt,2
johnbolton,2
proclub,2
wilderfury2,2
apexlegends,2
btsarmy,2
writers,2
torvspit,2
proudofaltnews,2
nairobiriver nairobi,2
beagle,2
tuesday,2
huawei,2
carnivalbarkingclown,2
sidnaaz fansdemandsidnaazshow,2
climatecrisis,2
bestcoversong dancingwithastranger iheartawards,2
lfc ucl,2
aamu,2
crochet,2
blog,2
iheartawards socialstaraward themoyboys,2
cocktribute cumtribute teen nude nudes ass,2
leafs leafsforever,2
royaldraw giveaway contest free win sweepstakes,2
funko,2
happyjhopeday happybirthdayjhope,2
digibyte digibyte,2
caroljess stevetony,2
1bay,2
black,2
bali love,2
libertad,2
frankiana,2
ltwpagluha,2
nationalbatteryday,2
magnuspod,2
horny cumdrenched,2
scottfrommarketing,2
instantwingame,2
qcrushmagaroller,2
psistillloveyou,2
kyungsoo,2
flu,2
mancity,2
winning,2
charlotte redventures,2
thejump,2
bestfanarmy limelights iheartawards,2
brexit,2
funko funkopop giveaway pop,2
conaltura bestmusicvideo iheartawards,2
ecstacythehouseparty,2
valimai ajith srk,2
sharcci,2
qp,2
chanyeol,2
blessed,2
walls,2
ados,2
ai,2
jadinemegasquad,2
changes,2
gatorday,2
bettercallsaul,2
azwx azfamily,2
myheroacadumbasses wesupportyouhorikoshi,2
syrian,2
hongkongers,2
johnnysmusicmondays,2
legacy,2
covid19 ards,2
julianassange assange,2
edpt204,2
championseleven forthefans,2
hottopics,2
findyourself,2
monbebe,2
china,2
thecirclesquared,2
greennewdeal,2
blackcommunity,2
loveisiand,2
tits slut nude nsfw horny boobs nudes,2
fazeup,2
play,2
pakistan,2
grouppalestine nodealonpalestine bds,2
ncis,2
atlliv,2
okpreps,2
nhs,2
wetsuweten,2
oann,2
blackgunsmatter,2
yikes,2
eastenders,2
hailwv,2
eaa78 lettherebelight3,2
sustainability,2
trump fascism,2
jeopardy,2
nct127 nct127,2
presidentsday,2
taeyong,2
belami mozosgay passiongay,2
gohawks,2
pixelart,2
icesurfing,2
loversandfriends,2
giveaway paypal,2
dreamcatcher izone bts clc,2
insidethewelfarestate,2
antismark fuckhhh,2
dynmt hotbit,2
99songs musicismagic 99songsthemovie theatreexperience,2
findom find,2
nationaldogday,2
moscowmitch,2
ridewithnorman,2
cybersecurity,2
c64,2
benvenutalalisa lisa,2
coronavirus covid19,2
cybershadow,2
adoptdontshop,2
mondaymotivation,2
funko funkopop pop,2
allamerican,2
haaland,2
btsarmy 1180peachtree bts,2
kag2020landslide,1
dishonestdon,1
gardendesignmag annuals blueflowers blueplants classicblue coloroftheyear,1
gmg,1
resister,1
littlenightmares,1
tcmparty,1
sunshinecoast,1
swingkids,1
juuzousuzuya bot,1
cubs,1
hunting save,1
sunflowervol6,1
travel,1
sailormoonxcolourpop,1
jeepstrong rigidaxle jeepgang jeepwave jeeplife jlu wrangler offroad,1
teamwarren,1
boyf,1
afghans democracy,1
thedroughtis2real,1
traveltuesday ifwtwa,1
letemsleep,1
nativeamerican quotes,1
eccc2020,1
healthcare startups pharma,1
lucasmen lucasentertainment,1
thebestone,1
india modi,1
fbpe,1
champchamp,1
everythingmatters,1
splatoon2 nintendoswitch,1
trom scifi,1
airmax,1
blackhistorymonthfacts,1
habbogiveaway,1
elite elitenetflix elite3,1
nevadacaucus southcarolinaprimary supertuesday,1
townsville,1
lent,1
books reviews,1
summerreads indiewriters lovelustloss,1
hcfamily,1
dnd,1
overyou popular love celebs,1
ncesummit2020,1
twitch modernwarfare gunfight,1
avengers,1
growth,1
latex suite,1
actor actorslife hollywood,1
australia,1
oisd oneitselcaday,1
worthashot,1
aldenrichards,1
happywednesday,1
doodle drawing drawingart art artwork artist sketch cartoon myart dragon,1
pantherround20 pantherone20,1
covid coronavirusoutbreak,1
mmiw,1
urbannaxals,1
cyclemeter,1
berniesback2020 presidentbernie nomoreclassholes mike,1
quarterhorsetattoo,1
kahaanhumkahaantum donotendkhkt,1
sweetestthing,1
juicy,1
surf,1
stoprxgreed,1
coronavirusuk,1
o2oinc voiceassistant google googleassistant,1
sundays mistythebeagle dogsoftwitter love dog dogs bossdog woofwithme beagle pooch,1
teafreaktuesday,1
democracy china ccp,1
evil,1
thick,1
helsinki traitortrump,1
nickiminaj,1
loancharge,1
gfriend crossroads,1
vancouver actorslife,1
ukraine,1
master satheesh vijaysethupathi,1
racist facist,1
swp,1
gojetsgo,1
resign45,1
3ttuesday,1
celebs gossip,1
dukeidlab,1
loitamangbihis teampnp weserve,1
roommates janetdubois,1
rashamidesai,1
efy9024,1
wooddeck entertowin giveaway sweeps,1
thoseshoestho,1
cum porn sellingnudes horny cumslut butt tits booty fuck,1
heartvixx,1
thread,1
sorokuweek2020 soroku,1
loseit,1
retweettuesdays,1
pentium,1
climatechange inclusion,1
wwe raw,1
purvswis,1
ratbot,1
bekind gript,1
shehnaazgill paraschhabra,1
gopanthersgo hockey playoffs,1
instantkarma,1
botf botfvote,1
scottyfrommarketing australianfires robodebt,1
ripmom,1
writerscommunity booklove nostalgia,1
raysupsc,1
kamijirou,1
horny ass fuckme sex pussy freenudes nudes anal,1
mladiversity,1
studionng exolsupportnng,1
cumtribute cocktribute nudes sexy boobs tits pussy porn cumslut cleavage milf,1
climbwithus illvspsu,1
freedomdividend,1
gosensgo,1
ccc49,1
faggot urinal alpha slut serve superior,1
amwriting sherlockholmes writerslife,1
business marketer,1
makers,1
linetvawards2020 offgun,1
beauty style love,1
bigolive,1
delhipolice,1
kard redmoon,1
happyjungwooday nct nct127,1
xo xotwod,1
phoenixaz,1
shoeontheotherfoot,1
blessandrelease,1
blackowned,1
votebillweld,1
messi barcelona championsleague,1
caribou,1
bpaallday leadership,1
khatronkekhiladi10 kk10,1
edc,1
msdyn365 technology it,1
333cut,1
qanon thegreatawakening,1
vogov,1
cutedudestues,1
teamstallion,1
aac2020,1
breastmilk,1
sexy porn,1
caricom,1
goamining,1
myturn,1
worthless,1
makerslab,1
ifyouknowyoumfknow,1
meghanmarkle,1
us,1
haikuchallenge,1
hannahjoytv,1
valentinstag valentinesday,1
militarymoms,1
pompey wembleybound,1
madeinusa nationism,1
clearthelist,1
nbn2020,1
revloution4syria,1
cocktribute family mom sister cumtribute cock cum wankchat,1
kik sellingnudes,1
soproud weare,1
michiganforpete,1
jonasbrothers kca2020 kca kcas,1
superbowlliv legacyhawks,1
creonsecretfiles zerotwo,1
tuesdaymood,1
mtproud,1
ybnlempire 999ep ltg,1
blagojevich,1
popsongs,1
tonightvmtv tonightvmtv,1
dressinblueday tomorrowcantwait,1
shehnaazgiil fansdemandsidnaazshow,1
lost sudbury suffolk poslingford stansfield hawkedon,1
club1909 gohabsgo,1
learninganalytics,1
kca votebts kca votebtsglobal,1
scamalert,1
delta,1
maga termlimits,1
stock,1
boudhanath nepal kathmandu,1
endthestreaktx tx,1
outlast outlast2,1
mexicanmom familygroupchat,1
laureus20,1
win cordless mitersaw,1
antonszandorlavey,1
doj hillaryclinton,1
starterroadmap,1
dimensions digsci2020,1
cold reserve accommodations,1
29daysofblackvoiceactors,1
news healthnews cbd,1
telecoms innovation,1
beachcamping sunset water surf saltlife playa ocean,1
potus45 blagojevich,1
notmeus politicalrevolution bernapp,1
developer node nodejs,1
marijuana cannabis cannabiscommunity,1
bolts,1
hs2,1
loadmanagement,1
callofthewild,1
sf,1
trumps,1
nojulian4us anonymous,1
176and,1
snowpack,1
choke,1
dcbound,1
copreps,1
fearthedeer,1
cheernetflix,1
thebrits,1
sidnazz,1
thugs wetsuwetenradicals,1
squirt,1
maloryarcher,1
helloween live metal,1
std,1
rich,1
pokemonmasters,1
bemorechill,1
lovelsland,1
black dave,1
trumpbudget,1
selloutsusie,1
homeless,1
bible bewarethewolves,1
blackpink lisa iu,1
san,1
championsleague,1
borisjohnson jenniferarucuri taxpayers,1
aewdark aew aewdark,1
kirishimaeijirou redriot fakescreenshot mha bnha,1
tradecentre,1
hardball,1
adm,1
lizzo arianagrande goodashell bestremix iheartawards,1
kissesdelavin kissables,1
tittytuesday moobs mantitts tits gaychubs gay jiggle,1
johnromitajr theamazingspiderman superman,1
weymouthcompressor,1
unitycandidate,1
giveaway win,1
lewdrp nsfwrp mvrp pigrp bestialityrp,1
gopbetrayedamerica corruptdnc endcorruption endoligarchy,1
erithacusrubecula robin birds birdphotography,1
hindutva,1
unitedstates,1
necklace,1
tysonfury,1
islamic,1
happybirthdayjhope bts,1
redhat,1
notquiterural nottinghamshire,1
fengqing fxmq tgcf,1
funkolovesanime dragonball,1
destinyclinicxmewgulf,1
wuhan covid19,1
respect coronavirus populationcontrol,1
genderequality outbreaks,1
thehu,1
yyj,1
lismentalhealth,1
favfebboys,1
2nd,1
vandyboys,1
bellator226,1
richardrankin sophieskelton outlander themackenzies,1
ryaneggold,1
i2sdale edtech,1
comradebernie,1
wpmaexpo,1
foreverimpeached,1
port hornyaf,1
coronaopengoldcoast,1
vacation papua paradise indonesia,1
atlanta,1
bachatasensualradio bachatasensual bachata,1
wuhancoronovirus soros soros coronarovirus,1
brisbane,1
wholesome radio,1
benvenutalalisa lisa blackpink,1
wtf,1
paladinsart maeve,1
fpn,1
secretr6,1
kennedy,1
thefive,1
engchat teamenglish,1
coronavirus corona,1
donate,1
lax,1
ps4live smallstreamer twitch,1
dnd dnd5e,1
themandalorian,1
nebulus,1
nativeamerican wisdom quotes,1
aarongordon,1
cryptos,1
islamophobia,1
sccl sccl2020 pmuvcaz,1
socialtosuccess,1
deepstates un,1
nsfwzadr nsfwanimation nsfwgif,1
indianbears gayindians,1
mindmap,1
owlin rivalryinparadise,1
warrenmediablackout warren2020 whereswarren whereiswarren,1
maliciousmarcel,1
qanon wwg1wga,1
vteaser,1
whydoyoustudy,1
edeleth,1
startedwithapickupza,1
purdue boilerup,1
fanart willgraham hughdancy hannibal,1
sabisky,1
findom control,1
imnotanaddict hiphop rap music,1
sunset fayettevillear arwx,1
assange,1
adorables,1
zoochosis,1
touchdowntuesday flyeaglesfly,1
treeoflife,1
ravens,1
gdragon,1
thehumourlessmemes batman thedarkknight dc,1
autism,1
rememberwhenitwascooltojustmakeasentenceahashtag,1
trudeau crimeminister,1
wrestling njpw njpwworld,1
drinkwineday wine mexico,1
gojackets,1
cologne freeshipping,1
happybirthdayjhope btsarmy,1
thelwordgenerationq,1
gnostic gnosticism esoterism,1
lanechapel,1
whynot coverboys fashionkings,1
social50challange,1
canadacan riseabove,1
multicultural giveaway expats,1
cnn,1
oreo,1
fairytaletuesday,1
cam4,1
play4kay,1
dave johnsonracist johnlennon,1
land soil sustainable,1
happybirthdayjhope hoseokday hobiday hobiuary,1
termites,1
wooloo pokemondirect pokemonswordshield,1
dortmundpsg,1
imaloserbaby,1
rap mexican music snoopdogg,1
coup strzok bruceohr,1
sarahah,1
minimikebloomberg,1
coyotes,1
copenhagen25,1
stoperasingelizabeth whereswarren warrenmediablackout,1
wednesday email mailinglists,1
freekicks,1
impeachment trumprussia goptraitors,1
backtothefuture martymcfly cowboy,1
madashell,1
cheatervoncheeto,1
nursing massagetherapy massage massagetherapist physio chiropractic,1
love7equally,1
bvi,1
feet colombiafeet feetcolombian celebrityfeet feetmodel footmistress,1
searchanddestroy demsonlywinbycheating,1
kda leagueoflegends artoflegends,1
praise,1
rappers trap,1
namjoon bts,1
basicincome,1
trumpsmoney deutschebank,1
sshmbrnk,1
abovethelaw notruckzone,1
nyc,1
freetext freechat,1
spartanup,1
nasp2020,1
febdechart connorarmy detroitbecomehuman hankanderson connor,1
cnn bernie notmeus bernie2020 politics,1
bcl ashraf ashrafsinclair,1
dateboston,1
mydogiscutest,1
ffxiv ffxivsnaps,1
botd,1
dreamcatcherscream,1
kemonomichi,1
logo,1
thelighthouse,1
lymphoma sjogren syndrom,1
teamtrees,1
boilerup,1
pamilyakosayongmundo,1
stopracism,1
mtg edh,1
harrystyles niallhoran brits,1
sirenscall,1
gocru,1
hercai,1
hangtenstories,1
extratv,1
staywithme,1
bums,1
katsudeku bkdk bnha,1
visiondrivenleader ad,1
artificialintelligence ai,1
xrp,1
mjfam michaeljackson mjinnocent,1
cumshot cumshots,1
berandom,1
plymouth devon,1
eth loan,1
ambazonia,1
kola,1
eliminationchamber wrestlemania,1
nurserose,1
internetforthefuture,1
teamcote,1
fayemarieswetlik southcarolina,1
regency romance,1
venturecapital sanfrancisco,1
encryption featured,1
jazz sax,1
backtothefuture,1
stationsquabble,1
mixedcandymonday,1
neneleakes classless trashbox,1
headingtoworlds,1
sb19roadto200ktwt,1
arseve,1
habs,1
berkeley housingcrisis homeless,1
desertislanddiscs,1
hailsouthern,1
imgoodnow,1
southsudan,1
jinyoung,1
national smallbusiness,1
ninaelle oil tittyfuck,1
coronavirus cdnpoli,1
firewendywilliams joaquinpheonix lgbtqia drewcarey,1
killthislove bestmusicvedio iheartawards,1
ridetheslide,1
furball toocute nametbd,1
pedicu,1
cia fbi nationofislam,1
mutc,1
strizzzyyesss thabluecankilla thablackalbundy nedthewino,1
blackhawks,1
thejuanshativ,1
hm,1
sugardaddy sellingpics sellingvideos sellingcontent sellingvids cashapp nudes,1
theastergates,1
scentsysnapshot bathroomremodel,1
cyberdears,1
tennessee usa,1
newvideoalert comingsoon creaturesofclay,1
mtatorah lions4life learnlikealion,1
dynasteegz,1
nflcombine,1
presidentwarren nc4warren,1
dershowitz fbi,1
sfsu vegan blackhistorymonth,1
leftisthack,1
leafsforever hoax,1
imnotanevangelicalbut,1
reply1988,1
birdpolice kickstarter,1
artemis,1
metoo matriarchy,1
sanditonseason2 sanditonpbs sanditon savesanditon,1
iam i4tandt famett trini trinidad,1
randolph tapestry,1
entrepreneurlife,1
silverliningsplaybook jenniferlawrence,1
graveyard halsey,1
startup,1
americaneedsyang humanityfirst,1
saspaceforum,1
flyers cbj,1
cowokjoss,1
paigecrossdresser crossdresser,1
testittuesday,1
notoabscbnshutdown istandwithabscbn intheserviceofthefilipino,1
psycho libturds,1
maywardpreviewchallenge mayward,1
biotech kendallsquare,1
ettd,1
suzy,1
ikon,1
mdzs cql wangxian,1
paag howtobuyapet,1
aquaphor tattoo,1
hackingschooldiscipline,1
tonimorrison knowherstory blackhistorymonth,1
aroundnewengland connecticut,1
bangbroscares,1
jmg tagher beautiful johnnymackgirls hottest women fansigns pages post tweets,1
corsair giveaway,1
bbcking,1
amazon,1
fitness yogabooty,1
sidharthshukla shehnaazgiii,1
mahirachipkali,1
gbr blackshirts,1
letsmakeitofficial,1
feelthebern bernie2020,1
transformeducation,1
100daysofcode reactjs,1
sfvce streetfighter,1
wvu makeashotplease,1
sneakpeak concept file supporting images sound video ideasharing,1
billbarr,1
kca votebtsglobal,1
thong,1
aew,1
bookstagram bookaddict,1
curriculummatters,1
sonicthehedgehog sonic,1
coronavirus covid19 sarscov2,1
tiaratuesday hopepawty,1
charlixcx brits2020,1
poppers,1
duke,1
sources,1
siddharthshukla shenazgill fandemandsidnaazshow,1
arlenafrodita arlenafroditacubanita bigboobs plasticboobs fakeboobs sexywoman bigbreasts,1
votefldems flapol,1
live covid19,1
weareabsa,1
bcbudget surrey,1
scicomm,1
customerservice,1
temptation camouflage,1
c4debate jeremycorbyn,1
humantrafficking,1
norafromqueens,1
spotlight,1
25yearsofwolves,1
promare galothymos liofotia,1
aunitedfront,1
dreamking,1
theenemieswithin,1
presidentwarren warrenfirsts,1
moonbyul,1
thebandghost,1
newhopeclubalbum,1
astroscheated,1
northernrock fairmortgagesforall ukmortgageprisoners,1
happy instalike,1
foralucasgallina foralucas,1
parthenonmarbles,1
thrnews,1
scumo paulparker,1
happymacho,1
shoppacar,1
shiningmoontokyo,1
fgo,1
mathvendingmachine,1
jaebeom,1
happybirthdaydrqadri,1
netflix,1
botw tloz sidlink,1
federalway washington,1
cam4 cum,1
nxs,1
paypal,1
africademdev2020,1
rmcmb,1
qanon gameover,1
happybirthdayjhope agt,1
zwickelmania,1
starwarstheclonewars,1
suitedup,1
singapore coronavirus mma,1
gopcomplicittraitors,1
dojcrisis,1
yokoono happybirthday,1
spartacus,1
avengersendgame goldentomato,1
worstpresidentever,1
wip 3d,1
jimmyfanz,1
magicaboveall,1
vaporwave,1
barrmustgo resignbarr,1
savethebbc,1
incarmicrowave,1
nationaldrinkwineday oscarssteakhouse plazalv oscargoodman dtlv onlyvegas,1
themoyboys socialstarawards iheartawards,1
pardontheswamp impeachedpresident draintheswampmyass,1
roughanimator,1
funny fun funnyvideo funvideo funnyvideos haha crazy prank videooftheday lol lmao,1
nonprofit fundraising,1
happinessbeginstourbarcelona,1
roadhead,1
covid19 ncov2019 coronavirus,1
scandalwesteros,1
news,1
conservationag,1
preparedness,1
ddo,1
sellingnudes buyingnudes buymynudes,1
smallstreamers supportsmallstreamers escapefromtarkov eft,1
education,1
viralhog catsoftwitter littlehelper gardeningkitty,1
sooners,1
horny boobs tits pussy porn amateurporn nsfw,1
fuck fucking breed,1
china politics,1
bachelornation,1
hilarious,1
newwayforward,1
kiama minnamurrariver,1
baron choichoonghyup vav choichunghyeop vavinchi vavliveandmeetinchicago,1
virus coronavirus sars,1
wooo,1
josuyasu jjbansfw,1
vhope,1
speechwriting executivecommunications,1
lovefl mexico,1
pledges pleaseadoptit pleaserescue,1
theacornprincess,1
codem zee5 altbalaji,1
curlcurl,1
foodie,1
uyghurs covid19,1
infiltrate,1
xenoverse2,1
jojorabbit,1
spreadlove loveyourenemies,1
dungeonsanddragons ttrpg,1
sidharthshuklafever,1
idolish7,1
netanyahu israel,1
wreckem,1
braves,1
autismdoesntendatford onpoli needsbasedtherapy,1
freestylefriday,1
100daysofcode python,1
myheroacademia heroesrisingmovie,1
primalrage,1
agaram agaramfoundation,1
justiceforamie,1
teamrider,1
happybirthdayjhope hoseok,1
kamalaharris kamala,1
betterposter,1
18feb nuestrafuerzaeslapaz,1
sunsetbar,1
gamersforgiving,1
themoyboys socialstaraward iheartaward,1
loser misoryenjoyscompany,1
joke jokes fun funny humour bot,1
gopointers lpgateachers,1
skippymcfucknuts,1
tokoyami tokoyamifumikage fumikagetokoyami bnha mha myheroacademia,1
how,1
derbyshire raptorpersecution,1
txlchat libraryjob schoollibraryjob,1
nct127 kimjungwoo jungwoo happybirthdayjungwoo,1
keepingyousafe,1
whoevenami,1
bidenbounceback,1
fuzzer fuzzing fuzzowski,1
theglow,1
youtube graduateschool,1
creativewriting freelancewriters,1
sfatmeup,1
sellingnudes buyingnudes nudes,1
edleaderschat,1
lhhatl,1
love inspireall,1
fbicbs,1
irwp aewdynamite wwe,1
rococo canaletto,1
india,1
twofortuesday,1
championsofthecsuite,1
moshow,1
gaming indiegame gamedev indiedev vfx shader,1
camilizers bestfanarmy iheartawards,1
staywellinresearch,1
iam mother forbidden,1
knightstemplar masonic,1
bloomberg democrats,1
qualitytimespenttogether exploringvegas,1
nudes cumtribute cumslut,1
fiestaactive anotherscalp audibeater getactive,1
wine nationaldrinkwineday,1
everychargereveryday,1
myxvalentine valentinesday2020,1
hauslabs,1
power love,1
madrassa kafir jihad ominous,1
pardons corrupttrump abuseofpower,1
xenophobia,1
spanking fridayfun,1
ff7r,1
nocompetition skiipartner,1
hispanics,1
alwx,1
protostar,1
seulrene,1
wsgrillz wschamps,1
sweepstakes gungiveaway winagun,1
agedcare,1
wiseman greatman,1
assange us,1
nazis,1
fl19,1
reylo,1
ucl championsleague,1
chinaeconomy covid19,1
sears,1
asktoh,1
pixiv,1
promare liofotia,1
elvis elvispresley,1
pleasure wakeupdemocrats,1
raedykes scotland,1
irp5,1
go musictv,1
obama,1
candylandcoronation,1
ranked feekifrenzy apexlegends,1
mosaic,1
poems,1
schema,1
lgm,1
ftk terrainrace,1
god poetry bible,1
cashcab oops,1
amwriting scifi amwritingscifi,1
yyz,1
justtransition indigenoussovereignty,1
bnha bnhafanart mha bokunoheroacademia,1
erbil iraq kurdistan supplychain procurement,1
kny kimetsunoyaiba demonslayer,1
rise climb success perspective life love,1
theintimidator,1
whiteorchids thementalist jisbon,1
1a,1
myfirsttweet,1
idontcare bestmusicvideo iheartawards,1
freenude nude retweet like sexting free sext horny porn,1
spotify ratm,1
topps toppsbaseball mlb baseballcards,1
tigers,1
fairfield,1
jannonctv,1
irelandbelongstotheirish,1
safe,1
t1d,1
berniebros,1
oc girl art,1
iheartawards bestlyircs 10000hours,1
voy,1
yestoabscbnshutdown,1
ca49,1
catotechnology careeradvice,1
shehnaazgill sidharthshukla,1
yoongi fanart,1
alexistexas,1
recipe,1
invermere rockieshockey columbiavalley,1
ableg,1
animation,1
charleneli thensls,1
gbl gamebasedlearning,1
stormwatch7,1
apexledgends,1
mufc haaland,1
berniebro,1
cruel giantess giant tiny crush macro sizefetish,1
notimetodie,1
coffeesub,1
loveislanduk,1
americanpharaoh,1
masen mapoli wgbhdebate,1
breakingnews extinctionrebellion,1
dynamix,1
corechat,1
kriswu covid19,1
shikara,1
trumpsrevenge trumpsretaliation bernie2020 notmeus rally,1
twitch marathon smallstreamer fortnite,1
tampontuesday,1
podcasts,1
shinee,1
dyk flu,1
wekan h4n1,1
laureus20 sportunitesus mercedesamgf1 lewishamilton lh44 mercedessports,1
trumptrain trump2020nowmorethanever,1
shinchako,1
freespeech,1
ffxv dissidiaffoo,1
webcam publicnude nsfwblow surf hotmoms,1
kind,1
pawcircle,1
mauijim sunglasses style,1
brianeno peterschmidt,1
b2 bomber,1
incorrect,1
haiku,1
walkmeter,1
boston,1
kickstarters,1
openfollow,1
xiutone,1
shakedown peakyblinders husky dogfriends dogs dogsoftwitter londondogs,1
snpcourtingdisaster,1
chan,1
clemson,1
britsawards2020,1
askingforafriend,1
rush,1
2020southwestcajunfest,1
dnd gamenight dndmemes tabletopgames,1
drainthedeepstateswamp,1
cream,1
rwisa rrbc,1
cryptonians eth giveaway,1
karachi,1
coronavirusoutbreak wuhancoronavirus,1
loveredwoodcity,1
beer craftbeer,1
jimin,1
warrenmediablackout yangmediablackout tulsimediablackout berniemediablackout,1
illegalimmigrant,1
warren2020 teamwarren,1
mustread nonfiction,1
palestinian no4dealofcentury israelicrimes,1
resisters,1
nudeteen,1
sustainable,1
nxttakeoverportland wwe2k20,1
joebiden,1
campcamp ccmax ccdavid ccgwen ccdaniel ccnikki,1
colvsphi,1
greaves,1
hotmess,1
atletiliverpool ucl,1
texas,1
christian,1
voicemod,1
mulan,1
alaska hawaii mexico,1
sweetchinmusic,1
gopcomplicittraitors lockthemallup,1
puppy,1
dogsoftwitter tongueouttuesday,1
maga trump2020 wwg1wga,1
auspol climateactnow,1
tastytuesday corykanexxx rodsteelofficial,1
warrenmediablackout presidentwarren,1
ibmlabservices ibmstorage ai,1
sundaythoughts,1
bballfamily,1
lemonsoflove flisperformance,1
roblox,1
mayorpete,1
teen sugardaddyneeded sugarbabe nude naked sex porn,1
scexit,1
nowplaying collegeundergroundradio,1
monthlynao,1
standom,1
modigovt consumption,1
jackstagram,1
leadright trump2020,1
teasing,1
fairwayfamily,1
airtravel,1
thinkblue,1
gatorshoop,1
attdiscoverydistrict,1
wbayfirstalert,1
retribution,1
wuhan coronaviruschina,1
horny boobs tits pussy porn amateurporn cumslut,1
health coronavirus,1
bearcats,1
billbarr donaldtrump intelstate lionelnation,1
britawards,1
amtrak,1
major,1
uk,1
ggmasters,1
panfur rehomehour foreverhome adoptdontshop caretoadopt rescuecat cats cat catsoftwitter,1
rapids rapids,1
lewdrp,1
misinformation coronavirus,1
stay growup,1
hacking femdom teamviewer hacked,1
megamondaygiveaway,1
adopt uk germany holland zante,1
sweepstakes,1
pakarmy,1
dhfr2020,1
beauty delusion,1
humanityfirst yanggang,1
staylocd,1
sanfrancisco,1
biggboss13finale,1
jpop showa,1
rotr,1
biodiversity,1
healthyfaith,1
tv,1
neoliberal borg,1
treasure,1
shehnaazshow,1
sheasquad,1
30flirtyandfabulous youarebeautifulbox,1
read,1
whostoppedyou,1
ehr,1
libra,1
aldubxadnalwayspositive,1
fullspeedahead,1
sixwordstory writingcommunity,1
miki,1
narcos netflix,1
troom politics,1
gorgeous setoftheday frontpage,1
solicitorgeneral supremecourt,1
christmasisland,1
np coast2coast,1
ntm demetriuswest jesuspromoters maurettebrownclark,1
bookbuzzr,1
forhonor ad,1
bookreview nonfiction,1
streetfighter rose,1
midweekmystery,1
cutoffusdawildlifeservicesfunding endangeredspecieslist,1
tuesdaythoughts tongueouttuesday,1
zachrytrack,1
bluenomatterwho,1
gogeta goku vegeta dragonballsuper dragonballsuperbroly dblegends,1
rt gambit rogue,1
fultonproud,1
heardinmyhouse dadlife,1
family alwaysgivingback volunteers,1
austinmahone dancingwithnobody sexy cute king,1
freecitgo6,1
yourhappycard,1
nayeon,1
bhlegend,1
banknoteable,1
foxhunting trailhuntlies,1
b3d,1
statefarmsaturday ad,1
nflcombine nflcombine,1
mysteries,1
kmov,1
looklarsondifference lifetimewarranty larsonautogroup luxury,1
royal flashback,1
annanicolesmith annanicole,1
unclejafa birthdayboy,1
artistontwitter yugioh,1
hacked digitaleconomy data,1
rosenstein mueller,1
climatebreakdown,1
changes newmusicdaily,1
gy6,1
rainbowsixsiege,1
everydogisastar,1
successful business,1
yum foodies,1
tamilnadu,1
campusjustice metoo,1
cleclinicnurses,1
guncontrol chicago,1
wtfock,1
tentacionesdbtfinal2,1
nodejs,1
mixersnightin,1
mwdr dachshund,1
nisoplus20,1
cumtribute cocktribute,1
bookbirthday withastarinmyhand,1
committedtocorruption,1
vdare20,1
ps4 playstation nintendo,1
findyourself caiminmin hecanyang zhangyujian estheryu,1
missingperson,1
treason loganact holdthemtoaccount,1
captainmarvel,1
twitch facebookgaming thelastofus,1
vietnam johnbolton,1
humblehero,1
cnn berniesanders,1
haveourbackwewillhaveyours,1
gold golden smokeyeye goldsmokeyeye quick,1
minger,1
historicalromance erotica regencyromance,1
bts rm,1
criticalrole criticalrolefanart,1
peachynathan peanat pamilyako,1
worldcancerday,1
clipstudiopaint,1
autotech,1
prayersforryannewman,1
nc04,1
prichan kirattoprichan,1
keeppounding panthers carolina camnewton nfl nfltwitter,1
chemtrailsarereal weathermodificationrevealed thesleeperhasawakened,1
hellodracula,1
ballum eastenders35 eastenders,1
china cpp,1
digitalsoldiers wwg1wga,1
klance,1
votethemallout2020,1
santaanaweather,1
bigtimeadolescence petedavidson,1
thewalkingdead,1
spinel stevenuniverse procreate5 newprofilepic,1
choclithoneybun fetish twitter scat bae,1
buyingnudes nudes sellingpics ass,1
coronavirus fiat virus,1
callofcthulhutip,1
danisnotonfire phandombot,1
2a,1
ihsa,1
msnbc berniesanders bernie,1
dfs nhl scorealert bigplay,1
tuesdaymorning,1
stros,1
ecommerce webdesign,1
bts bts superm,1
anfield atletico haaland,1
nba legendsallstar womenofinfluence tipoff tao,1
canberra,1
datascientists,1
bulldogupdate,1
nojustice,1
natleshipweek,1
cripthevote,1
listing cocoa fl,1
brighton wgbhdebate,1
aap hinduterror,1
trump assange,1
gfsxjewel,1
gamwichayanee,1
rudycolludy,1
barrlies,1
kalyan shillroad kataitollnaka,1
noaa42,1
bernieintacoma,1
massageriyadh massagefullbody massagebodytobody whatsapp,1
superforecaster,1
castlevania,1
ckone,1
retweet horny bi sexy xxx tattoo tatted straight gay,1
freshwater biodiversity,1
thedivision2 thedivision2photos ubisoft virtualphotography vgpunite gamergram gametography,1
erosion arctic,1
waterboystunes ralphsalmins thefaeryslastsong,1
catsoftwitter,1
actorpreparesalumni,1
professional graphic background removal,1
impactthroughaction,1
creechpride,1
days,1
tommytuberville jeffsessions,1
thelastofuspartii playstation ps4 sony gaming,1
kikme,1
notingtolose,1
matthewelliot,1
ninabot,1
findom find rtgame drain goddess,1
selflove,1
lockuptheswamp,1
fortworth,1
seinfeld,1
gopbetrayedamerica indicttrumpnow indictbarrnow gopcorruptionovercountry,1
stabi,1
ckone calvinklein,1
yikesoutnow yikeschallenge,1
ufc247,1
pink nintendoswitchlite animalcrossing subscribe,1
dheeshra,1
chanbaek,1
disneyplus shortcircuit,1
everybodylovesraymond,1
masks skincareneeds biodrogamd,1
jamaica desiderata,1
datasecuritybreach travelsafety cybersecurity,1
xiaozhan,1
chrismurphy,1
flight research flytomt,1
meanie,1
giveaway nft,1
dailylie impotus,1
daca,1
jason ipm synergy uplift mindful,1
naacpimageawards,1
katsucon,1
etsy supplies charmsfornails,1
sidfever wemissyousid,1
fivefavefish,1
seventeen vernon happyvernonday,1
vegan,1
spoiled,1
yours,1
art photography doubleexposure london,1
heatseeker,1
join redteam medium,1
grandjunction labor,1
shag comicconmuseum,1
firststepact thebestisyettocome americafirst,1
vocaloid,1
maxtul missmaxtul,1
turtlewriters,1
wearefab paris,1
connectivitysymp nutria,1
happybirthdayjhope ourremedyjhope happyhopetime hopealwayshere,1
releasethesnydercut,1
fantasyfootball,1
truestory,1
aaspnewsletter,1
phelle,1
jaemin,1
famous walmart usa homedics bedbathandbeyond printwork bookings,1
oneforall,1
texasprimary earlyvoting presidentwarren,1
burger,1
rickjames,1
kek,1
lesbianporn twerk,1
today,1
forex trading,1
goshrm20,1
conventionofstates,1
kamenrider,1
solidemo loveyourself 180jack,1
coenbrothers fargo,1
karjon,1
jb jaebeom jayb got7,1
mikepompeo,1
mudgirl,1
bringbackconstantine,1
thehistoryofpunk,1
anyonebuttrump2020,1
justhavingsomefunonthetwitters,1
auspol qldpol,1
retweet cuckold nsfw horny sexting sext sugardaddy underage slut whore,1
whotoldhermayonasewasacolor,1
goavsgo eaglescountry,1
wildnout,1
liberal liberalparty ndp notley,1
streaming,1
sqlsataustinbi,1
clip crossdresser,1
facetimehunny,1
negotiationsdone,1
efless,1
wokeaf,1
nottsjobs,1
vampires,1
lakerstwitter,1
hardball imcorrupttrump,1
vancouver2010,1
jaredleto,1
yangmediablackout,1
china tariff,1
concentrationcamps,1
thewatergategirl,1
teamfollowback,1
asunbsb,1
dailydeals,1
days teamgabi,1
kindredspirits,1
insider,1
mtlvsdet,1
btsarmy jhope,1
therapy,1
iwojima75,1
allsmiles,1
iccsoftball rolltribe,1
london canningtown newham,1
giveaway nationalrandomactsofkindnessday,1
livebolanet,1
gg33,1
arthurrackham rackham,1
trumprally,1
basebattles,1
undertale sans,1
should,1
nairobiriver,1
friedchicken,1
caribbean mexico costarica honeymoon,1
stayblackout,1
handmade quilted throw safari mothersday gift,1
ofah,1
lemans24,1
teacherfeature,1
astroscheated trumpcheats fbr mlb,1
lucky,1
bloomberg2020,1
earth,1
loveboattaipei,1
hireagraduate jobseekers,1
ripfreakytah,1
connectedcare,1
allcaps,1
virginia lingerie,1
god bible poetry,1
esperance kona evs,1
thereal,1
facemask,1
webheads,1
impeachment,1
smugpug,1
update covid19 diamondprincess,1
bornthisway,1
wethepeople,1
senditin,1
limp orlando rebelrock,1
kimber1911,1
middleearthshadowofwar xboxshare,1
aerospace innovation hoverbord tech,1
shivjayanti,1
athenslove myalmamatter,1
leopardprint fashionista beautyproducts,1
kennedyforma wgbhdebate,1
myheroacademia,1
pictish,1
lilsweet,1
netflix shareourplanet,1
poyl,1
opmwajibdibubarkan,1
rollingstones rollingstonestribute,1
pokemon mario luigi,1
who chinese covid2019 lancet,1
milford butthole,1
klitenic,1
championsleague dortmundpsg,1
80s,1
fun,1
teamholly mardigras,1
tftuesday,1
barrlies trumplies,1
tbru25 texasbearroundup hdk,1
obamas,1
mcmillions,1
nlwx,1
vatip,1
beauty sexy 80s,1
ltcolvindmanday,1
sheahuds tobinzdarko,1
loved itsnicetobeloved chix goodfood comida bbqchix,1
mum mothersday,1
np,1
icymi president daytona500,1
tweetorial,1
hamburg caturday tody,1
womeninhorrormonth alienators sigourneyweaver,1
onlyfans camgirl,1
win competition,1
blackmirror,1
hopeful,1
blacktwitter,1
hesummit2020,1
writing book,1
lta,1
catholictwitter,1
trumpischildishandchicken,1
chaelisa valentinesday2020,1
httr,1
uighurs,1
amas,1
magarollercoaster,1
hongkongprotesters,1
sold redbubble,1
costarica sundaymotivation,1
minimike patriotsawakened flynnfighters,1
motivation,1
superdragonballheroes,1
bittersweet,1
mayorcheat wallstreetpete mayorpete bernie,1
arctic,1
businessmgmt bengaluru,1
climateactionnow,1
freeshipping farmhousetable endtables,1
keepitnaked,1
monbebe youcantholdmyheart,1
nintendonyc animalcrossing,1
teenmomog,1
cheers drinkcurious,1
newseditorproblems,1
effiebrown jennifersharp,1
brothercrush,1
zaydamom,1
curiouscat,1
obummer,1
sandboxing,1
spurs nba nfl astros gospursgo,1
photography,1
bobobato,1
tougherthanmostthink,1
thegoochiedolls,1
manafort,1
chicago schaumburg,1
me,1
animalcrossing nintendoswitch,1
lovemax cutedog,1
anacostiaseries,1
topstory,1
art drawing digitalart,1
avengers avengersendgame,1
littlebenitopjs,1
osintsummit,1
yyctraffic slowdownsonstoney,1
economy trump economy news,1
ronjans,1
beaumontproud,1
herecomethejayhawks,1
theadventuresofsaggyandflappy,1
texasprimary,1
whereiswarren nodapl,1
lucasmen,1
borisjohnson primeminister,1
medlibs,1
ripple xrp,1
9m12,1
votetexas,1
nebext,1
palestinian stopopressingchildren,1
twowaystreet,1
disneyplus,1
borrelia,1
parker,1
pain,1
flapanthers,1
wildcardtour,1
free,1
bitcoin btc,1
heartsoup orjay,1
purefuckery,1
touchfooty,1
thephotographmovie,1
polarvortex,1
endit,1
kdppe perthtanapon,1
dyslexics dyslexia,1
birthstrikers,1
top14,1
master vijaysethupathy thalapathy,1
np soundcloud,1
esau edomites hunt jacob,1
unconventional unitedstates brazil,1
peerreviews recognition,1
programming metaprogramming microprogramming human biocomputer sharedfacts,1
fitbit,1
genuinechance,1
builtinpain,1
cowboys lions,1
lgbtqoftwitter,1
smallstreamer smallstreamercommunity,1
fk forbiddenkingdom,1
fortnite ad,1
scam,1
ir35,1
manhattan nyc,1
quiznight prahran,1
biggboss,1
caseykasem,1
mmc london,1
praiseyah,1
dailymail,1
arknights furry furryart furryfandom kemono,1
mentalhealth bipolar bpd ptsd anxiety depression selfcare,1
latinamistressalexia,1
fakeimpeachment,1
csgo giveaway,1
begold 404institute,1
arizona california florida,1
svco wellbeing takejustice stall gathering,1
harryandmeghan british journalism,1
igrm2020,1
gayturds,1
securitybureau mss hkpf pla,1
apex,1
dreamingspies laurierking maryrussell sherlockholmes japan,1
ceoconversation,1
komoquestion,1
alberta,1
spanishgod,1
holocaustdenier,1
prettydifferent urbandecay makeup,1
madeindreams ps4share,1
daryldixon tuesdaryl twd carriontrilevel,1
nevada,1
anybodykilla 420show getyourtickets,1
parkinsons pregnancy,1
hilaryduff,1
boycottiranshamelections,1
wifesharing wifegoals,1
poetry halfhollowhills library dixhills poet author poetrycommunity,1
photosforwoojin,1
hindus inferioritycomplex,1
kutoo,1
allenonyemasuedbycousin,1
sales,1
afcu23,1
netherlands,1
khive,1
snakeeyes yojoe gijoe,1
lcwbbfamily,1
seniornight,1
mma bellator239,1
nintendodirect,1
spectrumsisters,1
floridaman,1
rickandmorty,1
awomanmakesaplan,1
basebattles teamt teamb teams,1
quotes quote,1
labour,1
thanextfyrefest,1
denglun luoyunxi,1
trump suing obama administration illegally surveilling campaign,1
happynewyear2019 getnaked smokepot stonerfam cannabiscommunity,1
banktank,1
psl2020,1
ryannewman,1
gentlemanscorner namicny,1
iranianregime munich,1
fuckthegop complictgop gophypocrisy,1
whatnext,1
pizza,1
mlb dfs,1
itsourtimetoroar gobigred,1
bebest,1
portraitofaladyonfire france andthenwedanced,1
greatestgen,1
archivists,1
orc elf lesbian kissing nsfw,1
mvsales mvtrans,1
monlaferte,1
fsu,1
globalhealth,1
robloxdevs,1
corruptionrevealed,1
icesurfing hockeytwitter,1
kony2012,1
quote tuesdaythoughts,1
jeffreestarmysterybox,1
powerplatform infosec,1
pelosi impeachment,1
80s disco funk radio nowplaying,1
yourlieinapril fanart art,1
twitteroftime wheeloftime,1
tariffs supplychain,1
climate nutrition,1
sme finance,1
photosofmylife,1
boycott,1
pmht,1
firefighters familyday2020,1
kimtaearmy,1
f1testing,1
climatechangeisreal billionairesarenotyourfriends,1
scottsdale teampete,1
fightfortma,1
mybookpledge,1
pepsihalftime,1
dumpedafterhometowns thebachelor,1
covid19 coronavirus ncov2019,1
pathetic,1
mayberrycrawford2020,1
meettheartist,1
mwdr,1
joytrain successtrain,1
gay gayporn bareback,1
fanduel wgcmexico,1
tt,1
heron,1
romanticdoctorteacherkim2,1
motherlandbraidsmemphis,1
2019ncov coronavirus,1
bitcoin money,1
tmltalk leafsforever,1
tesla sustainability,1
musciallifeingermany,1
flyordie,1
williambarr,1
mikeandpriscilla,1
ahmadiapartheid,1
halloween gamedev indiedev,1
justinbieber eta changes,1
realtor realestate,1
pleiadian neioh,1
rubegetta,1
oncearedalwaysared,1
sixinvitational2020 rainbowsixseige,1
project33 ravencoin artunits,1
starwars,1
free kindleunlimited,1
ihub engagement creativity authentic,1
mainemendoza mainemcdocaypomboin2days,1
razortrain,1
idlib,1
openyourdoors,1
bbc hotwifebbc bbcslut,1
passengers,1
mardi,1
tonightshow,1
westerdam,1
archaeology,1
midifan,1
landlords tax mortgage section24 rent,1
rapgod,1
thenextdlineu,1
bfaw,1
justcbd,1
busty bigboobs bigtits retweet,1
fma,1
tba vols,1
askjem,1
abed,1
oracleitarankings sicem,1
bts bts,1
vhs starwars,1
jungkook jk,1
girldad,1
collegestudent college,1
seaofthieves,1
ca10,1
aleppo,1
1millionburpeechallenge,1
yellowjackets seniornight,1
breathplay,1
teampled,1
rogerstonedidnothingwrong judgeamybermanjackson,1
secondcoming jesus endtimes truth godsword christian,1
lewiscapaldi,1
sexyfeet size12,1
art culture,1
caprimary vote,1
ok,1
ousd,1
exo exols weareoneexo theyareexobecauseofexo,1
isaipuyal,1
jrnation nascar,1
execution,1
win crossstitch,1
sell,1
loneliness heart love familia brewcrew goldenhearts,1
trudeau,1
btsonfallon,1
leather strapon,1
fakenewsmedia tdswarning ryannewman prayingforryan,1
blfc2020,1
wv,1
temtem,1
rico,1
tballatthree mybrocklibear leadoff,1
enoughalready,1
vomit spaghetti baby parents momlife dad,1
tiptuesday angina,1
wordpress wcsd,1
empathy compassion life lifestyle energy lifechanging love kindnessday kindness respect,1
edtech,1
m4a,1
yugyeom,1
jammu kashmir,1
ffxiv lalafell ffxivsnaps gposers,1
grandcanyonclash,1
wuhan coronavirus,1
fingerscrossed,1
firstblood bloodseries,1
nintendo wii twitch,1
williehorton,1
pico8,1
rfnd,1
promotecomics upcoming indie comics,1
jhopebirthdayinchile egochallenge hobihobiproject,1
slutwife faketits tittytuesday,1
tiktok,1
ontario alberta separate corrupt,1
soundcloud electronicmusic,1
catoftheday,1
taylorswift taylornation,1
donaldjr biden,1
dieng,1
pawcircle loveandstrength,1
happyhopeday,1
myheroacadumbasses,1
iconproject,1
lovequotes quotes,1
hazbinhotel alastor husk,1
nakba,1
creature,1
deal 99cents,1
canada,1
thesquaredcircle aewdark,1
nhl proudmom,1
punbot,1
nowplaying 105live newmusic classics hiphopandrnbliveshere,1
facts,1
katrinakaif feminabeautyawards2020,1
katsucon dragon,1
nadaonfriday,1
sexy nudes,1
books read reading instagood author love literature words poetsoninstagram,1
pointless teamfollowback,1
menendez turkey,1
wannabegodfathertrump americandirt,1
lupuschat chatms,1
ssbu supersmashbrothersultimate smashultimate,1
justiceforchristian,1
bo dogsrule dogsoftwitter doodle,1
synchronicitytour,1
beautifulnature relax,1
geauxpack,1
doyourrealjob,1
compassion,1
maskytimbot,1
frasersridge samheughan tuesdaythoughts outlander,1
medicareforall,1
haiti,1
bbtb,1
gowarriors,1
design ux,1
sony,1
mopartuesday,1
country japan dolphin hunters killers taiji,1
ujatech,1
peaceofmind,1
djdretakingover89,1
breaking osmankavala,1
notredame,1
chihuahua,1
sb19indavao,1
sopome,1
creditcard wishfin rewards,1
cars,1
complexnews,1
consciousness,1
hamburg daisy winter happynewweek,1
artificialintelligence,1
focus,1
bbc creampies cuck,1
ttrpg dnd,1
meatandgreetmonday mnfoodtrucks foodtruck meatmonday,1
votethemallout2020 voteblue,1
virus,1
sylvari gw2 guildwars2,1
instagram smm,1
thexfiles thexfiles25,1
nhltradedeadline nhl letsgocanes,1
greenwoodinitiative,1
scourgebringer,1
thethingaboutharry,1
mlb,1
pistons,1
metalgalaxy worldtour babymetal skynd,1
goodtimes thejeffersons,1
warmup sketch harpy girl,1
wotdanceparty,1
valkyrie,1
netflixtax,1
gaming livestream,1
xboxinsider,1
pleasert sunday,1
meetyourarmy chaplain,1
listen podcast therumreport,1
hornetshornets,1
visionloss diabetes patients,1
forzaviola fiorentina,1
culture,1
toytuesday,1
nflcombine reigncane,1
frankm,1
fidelityyea7,1
bravesst,1
happybirthdayjade shadowhunters,1
rhomelbourne,1
knickstape,1
nasa,1
festivus,1
cashmaster malefeet cashslave cashgod cashrape barefeet,1
coronavirustruth,1
gobucs,1
loudre louyanong andrebrouillette,1
cqevolvinguniverse,1
messi,1
memphis atoztaxpros,1
feartheconspiracy,1
pronouncedpunchkey,1
pokemon pokemon firered leafgreen crobat,1
gradprofdev,1
happychewsday happychews findyourhappyplace smilesformiles,1
lazadasupershowph,1
borderwall borderreport,1
ol,1
jimjordanknew jimjordanisacoward,1
lgbt,1
knightsbridge belgravia chelsea,1
leaders,1
tribe,1
presidentsday2020 presidentsday,1
bara naruto nsfw sasuke,1
harleyboy blessed,1
strike102030,1
happyhopetime,1
breakupsong naansirithal hattrick,1
bernieintacoma berniebeatstrump,1
metalhead metaldad,1
hypocriticalpencilneck,1
d,1
itunes,1
camgirl slut,1
abba,1
eplussquad gaandu,1
racisminmedicine,1
myheroacadamia artistsontwitter,1
comfortfood yum,1
filmsorsongswithhandles,1
nsfw nidoqueen,1
tachaqueenofcontent papatacha,1
tsbc,1
joebiden daytona500 sleepyjoegottago bengarrisoncartoon,1
romanogers,1
shegotgame mvp,1
flyerstalk,1
gaylife gaydaddy gayartwork gay gaydrawing gaystyle homoerotic gayerotica gaymen gayfriendly,1
wcdo,1
support,1
stabi days,1
data,1
netssuck,1
baldeagle,1
grill chill,1
reymir hercai,1
sleep travelmagazinetv camping,1
lyingsackofshit,1
branding,1
glider plane,1
belowdeck,1
twinsthemenight,1
swe svpol dystopia,1
etsu,1
martialarts,1
acsdal booklove,1
solo,1
humanrightsday,1
criminalminds penelopegarcia,1
procreate myart digitalart,1
cbdoil northcarolina,1
jayers,1
florida bullet,1
mvsales,1
nowplaying alwilson,1
dutton,1
dechartgames,1
news technews technology,1
cosplay katsucon katsucon2020 monsterhunter capcom,1
tushytuesday,1
carbonfootprint,1
nadal alcaraz,1
covid19 wuhan,1
madverse haiku senryu ontheverge,1
guitarlover guitargirl artesano,1
celtic,1
superm,1
hamites shemites,1
iufb,1
newhousespeak,1
happyshinhyeday happybirthdayparkshinhye,1
win moneypug enter,1
now,1
hollywoodbowl,1
hucklies,1
letswork gopokes,1
risegow werise,1
darksouls,1
public,1
hennynightspodcast episode,1
9gag,1
blackamericans,1
speaker,1
lewiscapaldi dave,1
thecirclesquared crockettcup,1
politicians,1
mp100,1
brits2020 dave,1
siebenmar ravenloft dnd,1
bondage clips4sale,1
rather be fishing fishingdaily,1
patches furaffinity steele balto northernlights feral snow nsfw cougar,1
dreamcatcher gfriend loona everglow,1
youth,1
fiestawithizone,1
phanart,1
rwby rwby7,1
elizabethwarren,1
mii2,1
nz housing nzbusiness,1
trumpdrugs drugaddiction trumpaddiction,1
msc2020,1
so postables ssd,1
gasdrilling cleanenergy,1
stella,1
cfpantherlife,1
booksale 99cents nyt,1
tournamentofchampions,1
sexeducation tvtime,1
creeksquad upchurch,1
nintendo supermario zelda thelegendofzelda metroid fzero game games gamer gamers,1
moleg projectblitz,1
ksravikumar minsarakanna parasite thalapathyvijay,1
geauxcajuns,1
commie,1
hrma,1
getwet,1
mspreps,1
writingcommnunity,1
nude,1
trumpisacorruptliar,1
girlswhocode,1
mtpdaily,1
affinitweet,1
abstract saatchiart,1
tyt,1
swamp bushes,1
backtheblue,1
cbd lemong ptsd survivor,1
coronavirus hubei,1
snootaboop,1
marketplacetech,1
fansdemandsidnaazshow multitalentedshehnaaz wemissyousid fansdemandsidnaazshow fansdemandsidnaazshow,1
powerfulpen,1
california yanggang socalyanggang,1
nationaldrinkwineday wa04,1
changeyoursocks popsomepills,1
sudanuprising,1
vr,1
hotwifechallenge hotwife sexy wife arkansas,1
cookierun,1
curious,1
taeil,1
teamgodvek,1
backstronger,1
bored,1
wildehopps,1
arizona,1
laborforceparticipation women gdp mena,1
cloudgirlmodel,1
freechina freetibet freehongkong freetaiwan,1
trumpfearsbloomberg,1
bbb20,1
10000hours bestlyrics,1
respect,1
beamaverick,1
911onfox,1
amcwbb,1
corruption,1
random question,1
cluelesstwat,1
shehnaazians,1
eastturkistan newdelhi,1
writingcommunity question,1
fitness4mamas productoftheyear,1
tdlombardexpress kag2020,1
art artquest games,1
comic,1
gp,1
sissy findom,1
attslamdunk,1
scamp20,1
un worldpowers unsc climatesecurity,1
infosec,1
cocktribute my gf,1
keepingaustraliasafe,1
suho junmyeon,1
justtransition,1
meghanmarkel,1
jikook,1
long,1
digitalsoldiers,1
tabingilogmusical,1
tesla model3,1
lifeafterlockup,1
freegame,1
ruthlessagression onemoretime,1
garbage artistontwitter catsoftwitter,1
ethusd eth ether etherum,1
movieoftheday,1
chemtrail health,1
giveaways,1
shoppingwithsam,1
nxttakeoverportland wrestling,1
agtchampions billboardnews,1
ai futureofwork,1
earthquake texas,1
hisdarkmaterials,1
retail,1
elitedangerous,1
undisputedbadasswoman model vlogger,1
beatles thebeatles,1
work workplace coworkingspace,1
dirkgentlyisntover dirkgently,1
raysfam,1
scorpio,1
wonderwarren,1
saveilkhom,1
mobile innovation smarthome headphones games,1
annewithane,1
manutd burnleyfc,1
ucl coys,1
iubb,1
seniorliving,1
wuflu,1
benchsummer2020,1
salute,1
marinersst,1
flipout defam supportsmallstreamers mixer,1
nrl,1
beastars legosi,1
toweltuesday,1
exo theyareexobecauseofexo exo,1
365giving20,1
sendnudes daddy,1
powerbi msdev,1
mcmillionshbo,1
routing internet apricot,1
boom,1
ketolife lifestylechange icecreamlover,1
covid19 sars,1
tennessee engineer eweek2020,1
pawsup pantherpride,1
harrystyles,1
yourmsc,1
sdfron,1
psychedelic harmreduction,1
coosday tuesdaythoughts highlandcow cows loveanimals,1
pompey,1
dreamdaddy,1
mahirasharma paraschhabra,1
brawllovers2020 brawlstars,1
investinyou,1
checkpoint,1
patriots,1
boty,1
gungiveaway,1
feliciamichaels jessicawellington,1
indonesia geothermal,1
happybigtittytuesday,1
bashbros,1
pokemonhome,1
sidhearts,1
sidnaazians fansdemandsidnaazshow,1
assange manning,1
fallout4 fallout76 modiphius,1
sidlotte,1
jazz,1
canttrustatory liarjohnson boristheliar borisjohnsonlies borisjohnon,1
teambrookie gh,1
bluenewdeal presidentwarren,1
fintech vc fintech banking finserv cryptocurrency,1
doj ukraine,1
hubbleclassic,1
etsy etsyseller,1
comediansongorband,1
sfm sourcefilmmaker splatoon2 splatoonsfm,1
voteselenagomez kca,1
wisdom,1
makeitright votebts kca,1
giantess giant macrophilia sizefetish sizedifference boobs,1
recognition foreverrecognizeothersgreatness frog,1
hamiltonpride,1
bearsears,1
iartg wolfpackauthors asmsg psychological bookboost ku,1
indicttrumpnow indictbarr,1
lcs,1
gopbetrayedamerica,1
dnd ttrpg,1
public flash,1
polaroid,1
handmarkedpaperballots,1
factsarenotattacks,1
oc originalcharacter lamp,1
stjfootball,1
ladyroaylslax,1
heart tuesdaytag,1
anbaanafans sooraraipottru,1
workers unions,1
uyghurs,1
california californiaprimary,1
abuseofpower,1
inbrooklyn,1
cardiff cardiffbay cardiffbaybarrage barrage,1
sidharthshukia sid,1
shake,1
surreybc,1
follow facebook instagram local smallbusiness,1
peakerforlife mpc2020 workout,1
blackembercomics comicbooks,1
superbowl,1
testimonial,1
remix maschinemk3,1
find,1
wheat,1
cac2020,1
blago,1
arizona illinois florida,1
adnhaveablast,1
borisjohnson,1
onlyfansbabe onlyfans legallittle,1
clonekink2020,1
blackfacetrudeau,1
3sports,1
bigdata machinelearning,1
supertuesday,1
democrat masschusetts,1
playing amenradio,1
kol100,1
february2020 forreaders,1
kickstarter crowdfunding fitness gym,1
pornaddict cuckold,1
heydc listing home spring hireme callme,1
jacksonholeradio localradio,1
berniesanders bashbernie,1
griffs,1
audio,1
ivoted vote vote2020,1
illinoisan,1
berniesanders2020 bernie2020,1
theridge,1
redsst,1
liberalmedia bernie2020 canyoufeelthebern,1
microsoftsecurity,1
combocon2020,1
spreadhappiness,1
pregnant casseroles,1
glamorchina,1
ebwatchesent,1
yaoi bl yaoihentai,1
stoperasingelizabeth,1
yuta,1
kissingbooks romance secondchancelove,1
beijing yuan covid19,1
newprofilepic podcast,1
hcldr,1
warrenmediablackout warrenmediablackout,1
onepercent,1
ireadcanadian,1
iheartrailtrail,1
imwithaew,1
bummer,1
heigetsfat carbsoncarbsoncarbs,1
totheh20,1
redwings,1
stormzy,1
surfaceneo,1
happyhour,1
loveaajkal,1
musicnews360 music newsong,1
leafsvspens,1
literati poetry,1
domesticviolenceawareness abuse superbowl nfl,1
animalcrossingnewhorizons,1
dinnerdate,1
supermariomaker2,1
dartmouth biggreen ivyleague bluetornado,1
lcbusiness acquisition example exercise benefits,1
belami passiongay,1
somuchmoney,1
maga q,1
buyingnudes horny sellingnudes tittytuesday,1
adbusters,1
throwbackmonday,1
deephouse underground,1
givecreditstoivofspades givecreditstozildbenitez,1
britnoirfilms bradwallactor tanyalouisewall,1
mediocremindsthinkalike,1
anything,1
sissy sissylovescock sissyfucked,1
israel antisemitism,1
soros tosstrudeau tides butts,1
bungosd,1
listings portales nm,1
nba allstargame nbatwitter nbaallstar,1
1619project,1
browns,1
qanon gameover painiscoming fakenews,1
fp1 melbourne,1
ujscongo beermenus,1
sjsharks,1
35mm,1
flint,1
wemissyousid fansdemandsidnaazshow,1
datadisaggregation,1
jaeyong,1
synthetix,1
tigershroff dishapatani,1
arsnew,1
thala ajith srk valimai,1
heart health,1
rt fingering pussy,1
witchplease actualasthma,1
credentialtheft,1
mulatmedia walangkukurap,1
officialstatement pdvsa,1
everbeensodrunkyou,1
hockey sports hockeynews hockeyupdate,1
snowbunny blackowned,1
bloombergisworsethantrump bloombergisworsethantrump,1
mumbai,1
reigncane,1
azwx,1
find findom,1
nevadacaucus votes earlyvoting,1
forloveofthegame,1
shera catra adora catradora,1
donbelle,1
sudamericana,1
booty,1
blockheater2020,1
dictatortrump,1
name business,1
sccl2020 uniteandconquer,1
myworld changes 10000hours bestlyrics iheartawards,1
mymostpreciousgift,1
spnfamily,1
game games epic win technology,1
find brattygoddess paypig cashslave,1
gamersunite,1
humor comedy mermaid lovepotion izzybean,1
nutritionist healthy energy,1
tongueouttuesday specialsomeone,1
jiu sua siyeon handong yoohyeon dami,1
transcriptomic suprachiasmatic circadian,1
lifeofamedstudent oer,1
mcescher escher,1
dave brits2020,1
replacecollins,1
actprep neverscared,1
roadpirates filmthepolice policeharassment,1
gameon mahashivarathri mahashivaratri2020 sadhguruquotes,1
nowornever,1
pbcpreps,1
starrymusical,1
top4of2018,1
thestarsatnoon,1
coloradosprings,1
finnixthefox,1
kaito,1
teenwolf,1
sex porn,1
missingperson dunboyne dublin,1
humpday onlyfans onlyfansmodel onlyfanspromo onlyfansgirl,1
birmanbaby tongueouttuesday toebeantuesday,1
agatho cat snapchat,1
greatoracle dailyphilosophy,1
jimmyleejackson,1
startups onlinebusiness serverless reactjs analytics python linux,1
goldenness,1
flipfl64,1
adidasoriginals,1
stormzy lewiscapaldi dave britawards,1
myzone,1
mlb astros,1
satoshiroundtable,1
word,1
hazbinhotel hazbinhotelalastor,1
brexit morocco uk mena,1
girlpower,1
noextraditionusa assange,1
fortnite xboxshare,1
maccadam knockout breakdown,1
kyloren,1
birthdaybrew,1
pokemon pokemonswsh,1
goals,1
beastars,1
nvcaucuses,1
durham,1
rawfuck onlyfans gayonlyfans domtop gayscouse bareback cumshot hung,1
digitalreceipts,1
janaya tdpjanai tdpnsfw nsfw,1
channonrose rosefam rosefambestfam,1
bluegraybash,1
aerohistory nfl superbowl,1
bds,1
russian china travelban coronavirus covid2019 coverup,1
layitontheline,1
ohsaa,1
amazing cool good art animation artwork drawing like,1
redfored redfored,1
pregnancy scan,1
selfcare,1
kidney,1
2wish,1
lava magma,1
ukraine kyiv,1
filmmaking photography,1
votetrumpout2020,1
bearwithme blackednotraw 5stars,1
goddess chastityslave chastitycage chastitychallenge lockthemup,1
townhallmeeting cnn foxnews,1
medicaid,1
astros mlb,1
sidnaaz shehnaazgiii sidhartshukla,1
themacallan,1
jcpsbackpack,1
trump corruption blagojevich obama debartolopardon,1
dsmoke blackhabits fly,1
iamresilient resilient happy happiness,1
jbentonphotos beminimal love follow,1
dontboovote,1
adelaide,1
deadbydaylight dbdart thedeathslinger,1
brexit brexitreality torybritain,1
foxandfriends kaga tcot ccot morningjoe trump2020 trump,1
erielive,1
clothes women woman,1
nowplaying atlantic80s 80s 80smusic,1
fuckme,1
lyrics singersongwriter folk americana,1
btc eth bitquence,1
donghae,1
22today,1
pbpitch faithpitch pitmad,1
2004rnc,1
ict,1
covid19 china,1
teamtater teambane furmissile americastopdog livepdnation,1
njpw,1
obeyme obeymejp obeymemasters obeymeshallwedate,1
shakira logistics economy,1
pokemonsword,1
horror killerinthewoods,1
katycats katyperry,1
youngperps,1
gaza,1
tomatojay,1
zoetic edwina,1
sober addiction recoveryposse sunshine happiness,1
firefightaustralia liveaid,1
nascaropinion,1
luxuryhomes dreamhome,1
schiffilis,1
originalart modernart abstractart avantgarde rare,1
random stance2020 vrrphaatuesday,1
justiceforrealitywinner,1
ireland stpatricksday,1
astrofact,1
avid teamcms cmsavid,1
latepost,1
snowbarry,1
ycfw,1
xijinping china,1
haechan,1
ferrari,1
coronavirus fed cutinterestrates,1
bbn,1
krushgroove icecube redman methodman tooshort thadoggpound,1
rubber fetish,1
roblox robux,1
loveisland2020,1
streaming mixer mikelowery,1
unity3d gamedev,1
swordshield,1
internationaltexts talku,1
r34 animalcrossing beau,1
them,1
redress,1
magats,1
beyhadh2,1
allformore,1
theshaderoom pressplay boosie dwade zaya,1
teampete peteforamerica belonging,1
myarms,1
bisexual bisexualvisibility,1
workliferebalance,1
libra libra,1
bukkake gokkun cumshot,1
freeyou,1
rotherham,1
covid19 us,1
presidentobama,1
mondaymorning,1
talk,1
lookbeforeyoucross,1
egalitarian,1
bestmusicvideo,1
gamergirl coronavirus,1
sidharthshukla,1
books pulpfiction,1
gitmopitstop,1
beatles,1
wayv lucas,1
teamsisd earnyourhorns notdoneyet,1
shahs,1
crenshawcomets proud2bcisd,1
businessisboomin,1
whayabouttherealpeople,1
happybirthdayjhope ourremedyjhope,1
biden2020,1
highered,1
bhivechat,1
happylohri travel,1
countdownentry,1
murder mystery bookbuzzr,1
flyers nowornever cbjvsphi,1
sellingnudes,1
broken,1
presidentsday andrewjackson trump presidentsday2020 bengarrisoncartoon,1
mcfc,1
trusttheclimb,1
1yearwithbutterfly,1
wearewayne,1
howardstern,1
sad3 thisisus,1
love happiness neropremiumvodka premiumvodka vodka valentinesday,1
justsaying royalfamily princeandrew,1
oneofourown jimmy,1
sharonstrong diy,1
got7 marktuan,1
stlcards,1
beauty sexy 80s rock,1
peaceful joy simple selfimprovement competitive stress,1
okstate,1
wwg1wga,1
pelosi irs america,1
resigndjt,1
cashslaves paypigwanted paypiggies mistress,1
earnhardt legend goat nascar,1
25thamendmentnow,1
congress,1
claimingit,1
iu,1
smashbros nintendoswitch,1
infypathfinders,1
lsu,1
riskmanagement,1
deepstate,1
cowx,1
ableg abpoli,1
caprimary,1
metal,1
cuckcold monsterdick,1
bbcqt,1
timebanking andrewyang wapo,1
legendsbrunch,1
sheffield class142 pacer,1
wildcatpower,1
breakingnews cdc coronavirus diamondprincess weinstein,1
workwithme4aday,1
benevolencerenaissance,1
wilderfury,1
thestylestar pcas,1
hiking adventures,1
flowbros,1
teammil cureabadday,1
twitch youtube,1
utpol utleg,1
sonadebate sonadebateon405,1
gannonstauch,1
762challenge td realliferap,1
treason makeamericagreatagain defendtheconstitution kag,1
fintech,1
mustwatch,1
otd redarmy,1
mikeschmuhl teampete,1
tds notmytaxdollars,1
mariyannu,1
bthosfa,1
gocougars,1
ethics,1
whao,1
oligakleplutocracy,1
mapoli,1
cozumel mexico,1
rails,1
welspun,1
lifewithlucy,1
positiveselfesteem,1
linguistics studyallthethings,1
kimsconvenience,1
teamwork,1
bangladeshi digitalsecurityact,1
cherishtheday,1
sandiego,1
podcaster audiodrama,1
sonic tails,1
substantivetech kikk,1
lagos nogunban,1
wonho monstaxfanart,1
rip janetdubois,1
buckabeer suckers,1
antimicrobialstewardship,1
wip worgen myart butalsoherart painting digital,1
suga,1
stoh2020,1
wannabefarms penguinworkshop kids books,1
9pmroutine,1
7on7football cotlongboy,1
woozi,1
fastcasualnation,1
mahashivarathri blockbuster aravindasametha,1
timcook apple coronavirus covid19,1
keepwalking,1
nsls,1
comehungry,1
gh,1
sixinvitational,1
nlp deeplearning,1
sindyrose vulknao handmade sextoys dildo,1
hollywood,1
rejectteck,1
thebestisyettocome trump2020,1
ncga,1
judgeamybermanjackson,1
7daystodie,1
caa,1
izone twice,1
monstax,1
powerofmoms,1
winner,1
passtheprotection,1
istandwithpp,1
gardevoir melons,1
guhh,1
hawaii hilo bilderberg banksters ww3 war peace usa rockstar rap metal trap hiphop jazz rock funk,1
pickeltrump,1
lockedonmlb yankees astros,1
thesuicidesquad,1
kennedyforma,1
summitsecurity,1
lt,1
japanese infectious,1
barstoolsports pennnationalgaming,1
socialstaraward iheartawards,1
bsv,1
texans,1
digitalsecurityact,1
hypocrisy,1
suayeon,1
shopping coolstuff fashion,1
peanat,1
weatherchannel,1
racist fascist india modi,1
registertovote,1
euref quote,1
vote2020 registertovote,1
warface nintendoswitch,1
filppula51 lgrw motorcityfil,1
pardon pardons,1
triller,1
wednesday rpg roleplaying,1
asone strutyourpride,1
quoteaboutroom quoteonroom,1
hsotscores,1
asc2020,1
publiced bernie,1
pussyfree pornaddict pornosexual,1
notcool,1
notmeus bernie2020 corruption,1
sexy hairy fanny nudebeach bigboobs,1
ridehailing,1
whodey,1
usarmy,1
smartness h2020,1
cbd hemp news,1
gayporn,1
despicableme3,1
leaningin,1
bananarepublic,1
kentstate,1
bestairdrumsongs,1
makeupchallenge,1
walkaway blexit,1
soganlivalley,1
ourprettyhobi ourremedyjhope happybirthdayjhope,1
cities urban sustainable ai,1
highlandpark,1
giveaway gaming gunnaroptiks gamersweargunnars,1
gfriend crossroads5thwin moonbyul everglow pentagon,1
enjin ethereum blockchain,1
aaravosweek2020 aaravos tdp,1
democrat chappeterson,1
england wales win,1
americandad contazulations,1
rt follow,1
mondaymirth,1
bossbitchchallenge,1
350expressdjs keepitlocked,1
happybirthdaytome,1
americanganjawarrior itainteasymakincbdeezy,1
ds9,1
supertuesday teamwarren,1
stickingwithed,1
mybloombergstory,1
amwriting poem,1
nzvind,1
bekind bestrong,1
earnednotgiven,1
saynotobodyshaming,1
moron gettooldfolkshomebern,1
indieworldorder,1
yoongi,1
ww weightwatchers,1
marijuanataxes businessowners smbs cannabis cannabislaw,1
fl21,1
toesday,1
promare blender3d,1
freethehair,1
nowplaying hsm,1
graduate job,1
biopesticides,1
tyworkexperience future,1
futa lesbian,1
cyberattack,1
ateez ateezfanart yeosang seonghwa kpop kpopfanart,1
westns,1
mindset,1
cannacandys pipes weedgrinders sweeterhighsamples infusedgummies,1
startups europe,1
physicalliteracy,1
gvsu triviatuesday,1
ntr30 komarambheemntr,1
dredfunn freddunn wip workinprogress,1
nationaldrinkwineday vermouth wine quadywinery vyavermouth cocktail,1
theviper raw,1
paypig humanatm findom,1
sales digitalmarketingtools javascript,1
diamondprincess covid19,1
dojcrisis dojdiversiontactics liarinchief,1
classichiphop ifyouaskme,1
4months,1
ohio registertovote voteregistration election2020 voteblue,1
fireinhofe,1
palestinian ramallah,1
rt maga kag2020,1
1wc,1
trump impeachtrumpagain lockhimup eatshit,1
garfield propaganda memes,1
blindness trump hitler,1
brits2020 stormzy,1
mikebloomberg robinhood poor public elite rich,1
sotu,1
healthcare,1
geziyisavunuyoruz,1
rhs2reunion,1
dinner thisiswhyimfull,1
blueunited,1
boop aewdark,1
sonadebate malema,1
makelondonsafe,1
hemophilia genetherapy,1
beinglost,1
tax,1
business marketing,1
allstarweekend,1
bestgolfbesttennisbesttimes,1
cobeast,1
shinobistriker,1
arma3,1
cirquedusoleil,1
furywilder2,1
wednesdaywisdom,1
mompreneurs ladypreneurs wifepreneurs solopreneurs repost,1
elf superjunior,1
oneteam youngguysstartingtogetit,1
nirvana,1
habs gohabsgo club1909,1
joytrain,1
starlightselcaday,1
goingseventeen,1
taekook vkook kookv,1
istandwithscheer,1
hgsl,1
enjoy thewanderinglyricist rhymingpoetry poet poetry spokenword author books,1
michaelmilken,1
rubbishjokes,1
tb,1
shehnaazgill,1
penguins leafsforever,1
wegetoutside,1
pjwf,1
indieporn realsex brd,1
mickmulvaney scottpruitt betsydevos,1
liberalismisamentaldisorder liberalhypocrisy feminism feministsarecrazy,1
twbaloisalumalaban jamesandpatanddave,1
jexit,1
meganventuri ellenmilion,1
lacountyparks,1
vat,1
babyfoots,1
strata,1
projectxcloud,1
criticalrole mightnein hottopic,1
frunkpuppyfriday,1
askmarkcuban,1
stillvotingyang yanggang socalyanggang,1
racism,1
commute,1
screenwriters,1
catty190 datass cam slave redhead dirty deepthroat fuckmachine,1
nosanctuary,1
pens dkps,1
retweet chance uncensored happyholidays naughtylist dirtylittlesecret boobs,1
reigncane huntforthecrown,1
deeplearning ai,1
joshua,1
civic,1
releasethesndyercut,1
review,1
mathmindset,1
traitortrump pervypospotus,1
avpol jojosbizzareadventure,1
sonic sonicmovie catchsonic,1
uproud,1
penguinlandia,1
projectbluebook,1
kimetsunoyaiba btsfanart giyuu yoongifanart,1
scottyfrommarketing,1
scc73,1
petebuttigieg wars buttigieg,1
12large,1
tuskegeeuniversity collegeofartsandsciences retoolyourschool,1
pressfreedom,1
oban,1
academyaward,1
askcnco,1
okstvswvu,1
youknowyouareawriterwhen,1
behindthemac,1
tbt pittsburghproud,1
blackhistorymonth stagecoachmary,1
thecallofthewildmovie,1
yentyjap,1
csharp,1
china coronavirus,1
studentnutritionprograms,1
fireupchips,1
welovenamjoon,1
kualulumpar malaysia,1
bitcoin satoshi btc,1
deltascience connectivitysymp,1
hongkongprotesters hongkonger,1
adopter,1
plantoftheweek,1
mt mt,1
avondefrockall nico nicoandavon tvseries fantasy,1
geauxtigers,1
heighttruth,1
notmeus jeffweaver marching,1
wheresamy,1
byemylove nida,1
girbot,1
q,1
quote,1
greatsavings savings gamedev shoes indiedev shoe toys home tech,1
macedonia,1
mikebloomberg,1
aginginplace nytimes aging housing,1
zenkitty catlovers meow,1
ilovejhope bts,1
ukinfluencer,1
dedotomaselfies lascuicuimamee,1
favoritedesigner cottagesandgarden,1
atlliv ucl,1
great celebration 20years,1
claddingscandal,1
powershell7,1
promare galothymos,1
air water health biodiversity climate nrdc,1
hbd,1
msnbc berniesanders,1
southampton myweather,1
quoteoftheday,1
thalapathyvijay chiyaanvikram kajalaggarwal,1
research lifehacks endalz,1
iherb coupon,1
tuesdaythoughts tits boobs cum onlyfans girls hotwifw flasher dayoff,1
pip,1
hero,1
afl aflfantasy supercoach,1
pwg,1
anitwt,1
hearthstone firesidegathering,1
got7fanart 2jae,1
vcu,1
womeninstem,1
linux,1
vulnscanners,1
obamadiditbetter,1
writers write,1
drinkwater ketostarbucks,1
miami toneloc kylerifkin realreeddollaz djcapone hiphop robbase,1
canceractionday,1
freethenera10 freeallarested,1
ipromise,1
marvelcomics wolverine xmen penandink,1
imaging,1
quote painting,1
queer poc lipgloss,1
bch,1
quote photo,1
sfgiants,1
wearestags builtforlife,1
iykeresa,1
happyvalentinesday,1
eastwood essex suffolk norfolk treesurgery treesurgeon,1
traveltuesday sustainable climate,1
womensausopen rtx,1
heckronomicon,1
lufc,1
trumpbudget bullysbudget,1
gopackgo,1
soyeon,1
comicsgatetalentsearch,1
treatmyself,1
britishcolumbia,1
tcmff,1
prayformiracle,1
donaldtrump,1
malibu,1
mystery kdp faith,1
mercuryretrograde,1
impeachedforever,1
wlpc keepingitcool,1
womenvote,1
adultwork,1
squirt hotwife slutwife xxx horny cumslut,1
calenergy epicresearch,1
bea missing lost stolen keep law requirement,1
flirtsquad zinequest2,1
superfan,1
beshootaround bigeasthoops,1
maheshbabu prashanthneel alluaravind,1
voteredtosaveamerica,1
morenotless,1
intheserviceofthefilipino,1
forextrader,1
gonova,1
coffee,1
staytuned llw,1
cdnpoli,1
kaitlinbennet,1
ultmateloveng,1
zona23,1
powerofnow mindbody,1
robertleenoye,1
manufacturing arlington,1
tittytuesday onlyfans,1
preschool,1
sugardaddyneeded,1
edchat aros14 p2 edchat edleader,1
womenintech coders,1
bookmarketingchat,1
tootellandnuanez,1
dublin,1
hivprevention academicresearch blockchain communityempowerment,1
elcinsangu bestbeautifulfacesin2020,1
vandy,1
kca vote7rings,1
celebrityghoststories,1
brexit labourdelusion,1
aventador huracan motivation sidehustle supercars dreamcar,1
ufcauckland,1
hunnedbadbxxtches,1
spinel,1
12s goseahawks,1
leadersedge,1
wearenato turkeyforpeace,1
climatechange,1
gettested,1
bc20,1
chuck,1
overwatch xboxone streaming mixer,1
rapistforlife,1
coronavirus coronavirusuk corvid19,1
senhum,1
tiffanyhaddish,1
trumpadministrationcorruption,1
construction,1
packers,1
2ndpsychoparty redvelvet,1
pl onthisday,1
goonsofthehardwood,1
bullshit,1
xiaozhan wangyibo yizhan,1
twd thewalkingdead twdfamily,1
rwby,1
allpornforyou allporn porn teen,1
releaseclimateplans climatecrisis,1
nesquehoning,1
dbfz,1
msnbc hardball,1
cum relax horny naked horny dm girls snapchat kik dm dmme tgirls transgirls love feet fetish,1
infiltration,1
sanditon,1
blackpandora,1
nolatwitter,1
sidharthshukla wemissyousid,1
deathorglory theclash,1
yaksha,1
derry,1
amateur,1
dblegends,1
nioh,1
corrupt,1
dugbakkenandrockies denver,1
romanempirefade,1
netflix nicholasbritell filmtwitter,1
daddysslut nudes,1
wpial,1
wuhanvirus,1
warcraft,1
twitterforgood bekind,1
boobsporn oldmansex topporn,1
chennaipolice,1
lln,1
theskyispink,1
marvel,1
yes,1
networking,1
cockrate boobs cumtribute sex,1
hotwife gangbang hubbyrecording slutwife whorewife bareback,1
mmkyoucheermeup,1
tacobellskills,1
gohoos,1
allpeople,1
gbl sel,1
nationaldrinkwineday tuesdayvibes,1
wordsofwisdom ewtn,1
kathnielxbenchsummer2020,1
quote church,1
donnirthedunce,1
roadsafety,1
snowbunny whitegirl interracial blacked bbc,1
blasterjaxx mthrfckr maxximize spinninrecords,1
healthiswealthandineedmybag,1
autismrally,1
standwithhongkong hongkong,1
boycottchoice,1
business inspiration,1
gayporn gaymuslim amateurporn gayturk,1
bfv gamer xboxone mixerstreamer,1
gravitas china,1
dataprotection datasecurity cybersecurity,1
trump trump,1
pixar onward disneylandresort disney disneyland worldofdisney disneystore,1
ch42 hucklearns,1
tuberculosis,1
twitter knowledgeispower fuckfacebook,1
russia,1
deepstate siliconvalley socialmedia information,1
njgirlshoops,1
fireupgoeagles,1
time,1
fearofthelord,1
hx hxchallenge,1
tabby adoption rescue,1
stushbambi,1
smallville tomwelling superman crisisoninfiniteearths,1
atl,1
greenock inverclyde scotland,1
hitler republicans,1
monsterhunterworld mixerstreamer thegeeksinthepeaks,1
findom paypig chastity footworship feet foot highheels feetworship goddess cuck,1
vfl nbavols,1
fl goodbook movie show,1
southafrica,1
sexualpredator,1
sfvce,1
voteblue2020,1
cfevshome seniornight,1
us10y,1
dumpthegop2020,1
whatslove,1
happybirthdayjhope sunshinehobiday,1
quote inspiration tuesdaythoughts,1
childcare utpol,1
bclottery,1
mlmleads,1
mots7,1
obamawasbetterateverything,1
tugittuesday funcouple,1
eels eelstheband,1
reds,1
forrestgump jokermovie,1
awesome,1
traitorinchief,1
deathbattle,1
starboydubai,1
cumtribute cum porn sellingnudes horny cumslut,1
jurassicworld3,1
pll,1
nvcaucus notmeus bernie2020,1
nationalentrepreneurshipweek,1
lakingslive,1
otakuunderworld,1
tommyxlewis,1
gtc20,1
hits edm,1
seektheseal,1
reclinerkaren,1
fundraiser,1
this mlb,1
winterbreak2020,1
whatdrivesyou,1
ubertalks,1
imwithmick,1
congress gop invest,1
yeji,1
wonderful sweetheart nyc cats cuddlebug,1
proudvandyalum,1
shehnaazgiii,1
causeascene,1
megatronchallenge,1
heart,1
fma fmab moomin moominvalley imsosorry,1
audrelorde,1
electronicmusic crossovermusic melodic live signalcrook uk,1
weapon,1
haiku senryu moon,1
petebuttigieg stepdownpete,1
lyingliberals,1
porn pussy,1
usc,1
democrats gopprimary,1
cannabiscommunity cannabisnews,1
gorurchappolao kacchi muktabiriyanighar,1
sleep,1
brainstructure,1
monsterenergy kwtattoos corsairgaming,1
womeninhorrormonth nekkidambition,1
covid19 coronavirus supplychain,1
allengail,1
eastenders35,1
biblestudy love hosea,1
thegentlemen,1
readers ownvoices,1
dadhumour,1
bookreview,1
askanoiler,1
valimai valimaidiwali,1
amenities,1
myspursxi,1
haruto treasure,1
blackswan,1
mindfulness,1
hazbinhotel,1
trudeaumustgo trudeauworstpm,1
impotus,1
valentinesday2020,1
quirkybirds,1
actforimpact,1
georgia,1
aapi,1
dreamcatcher,1
dementia loneliness,1
descendantsofthesun goblin searchwww crashlandingofyou,1
tuesdaywisdom,1
korruptlegendz,1
yemen,1
shadowhunters,1
redfored,1
tuesdaythoughts,1
sissy sissylovescock,1
lgbtqproud,1
icebreaker,1
imrantahir multansultans lahoreqalandars hblpsl5,1
foilsurfing,1
freeflynn trump2020landslide,1
analfissure,1
tiktok tiktokgirls,1
refugeefriendly,1
onetake,1
cropland carbonemissions agriculturalland,1
scotus,1
bachelor,1
persephone hades loreolympus,1
understanding forgiveness joytrain joy love kindness quote,1
spider,1
nba mizzou,1
tonireads wellreadblackgirl bookblogger bookstagram books blackgirlsread,1
yankees astros,1
criminalminds,1
paleo,1
iran lebanon god,1
anjunadeep11,1
ncaahockey,1
katykeene,1
bbw ebony bdsm nsfw,1
femboy crossdresser anal,1
naked dick underage paypalonly sexy,1
bbw bbwfemdom bbwdom femdom sugardaddywanted paypets,1
masturbation pussy insertions solo fap ass analfetish buttplug assgoddess close dirtytalking,1
gyuwynplaine kkyuwynplaine themanwholaughs,1
blackpink benvenutalisa killthislove,1
cnhp continuingeducation,1
patreon,1
hotcelebsbrits britishmothers,1
horror anthology,1
weightgain,1
fb mytel,1
lottery,1
usa america news,1
bornfightersana,1
transmascartists,1
hg2020,1
sailormoon,1
greekart mannerism,1
tipswithduo,1
ransomware bitcoin,1
salishsea salishshore alittlebeautyeveryday,1
baking cupcakes vanilla chocolate birthday blue,1
np soundcloud rt,1
whounfollowedme,1
feet bigfeet 2tall tall 7feet size16 size17 feetfetish fetish,1
icymi somuchjoy 3dhoops letsroll,1
nhljets lakvswpg,1
49ers,1
fivestar notevensorry 1980s 80s 80smusic,1
lgbtq outatschool,1
barrie,1
domita4bears ready4teddy whatsinyourflannel,1
gretsch tuesdaythoughts repost,1
wompwomp wompwompchallenge,1
jikook kookmin,1
murders rapists child,1
sb19roadto200ktwt sb19,1
whereiswarren warrenmediablackout,1
55tuftonstmob,1
fannielouhamer weleadweserve blackhistorymonth,1
coronaoutbreak corona covid19,1
zen micropoetry,1
shenderov art arttwit twitart iloveart,1
prayingforryannewman,1
yashikaaannand,1
roadsafety savelives,1
voteoutthelyingestpresidentinushistory,1
parasite,1
fearus northmxnchyss fearthenorth,1
netsuite business,1
happyhopetime happybirthdayjhope,1
reneweannewithane,1
novelcoronavirus coronavirus wuhanvirus covid2019,1
touringcompanion,1
albeerta alberta beer,1
loopholes,1
trudeaumustgo,1
youthministry,1
insanechallenge,1
prayforamazonia,1
crwby,1
so,1
trudeaumustresign trudeauworstpm,1
bernie socialismkills socialism walkawayfromdemocrats democratsaredestroyingamerica,1
toystory4,1
sketch promare galolio,1
putcanandafirst,1
trueachievements,1
mosyantax,1
sexysaturday,1
tgirl crossdresser sissy sissyboy tranny crossdressing ladyboy cd crossdress,1
nato russia cuba,1
trumpgop,1
everyone donate,1
gamedev animation,1
trumpcrimefamily,1
nhlbruins,1
theboldtype,1
cif,1
doctorromantic tvtime,1
watch democratic,1
whitesox,1
nirbhaya,1
grad2020 seniorspotlight iamegha minorhockey,1
swingtrade,1
cumtribute cumslut horny,1
cdcgrandrounds,1
ut04,1
kxl,1
ontheblog,1
coaching writing,1
athletics,1
binance,1
dmme horny,1
thehilltakesthevote,1
forever4,1
clip ticklingmale,1
supportsmallstreamers smallstreamersconnect,1
cyprus,1
scchallenge supercorp,1
supportrosa supportnwa,1
ass hotwife,1
steam,1
loneliness,1
selenagomez selenagom notfair imspecial rare,1
valentinesday xlgirls scoreland biggirls porn voluptuous love,1
itsokaynottobeokay,1
ahatintime nintendoswitch,1
artificialintelligence learning,1
themoreyouknow,1
sex sexting,1
john manhattanacc adoption nycacc newhopepartner rescue,1
wickedweasel skinnydip nudist mm ww,1
newpost,1
sb19inzamboanga morhot10,1
kellyenakahara,1
bhm2020,1
beegees,1
eurekamag,1
miwyhighinlove,1
indy500,1
nhpara,1
whereswarren warren2020,1
champchamp family,1
apsa2019,1
iww,1
sellingnudes buyingnudes,1
nomercyekenopepper,1
mnl48,1
writingromancelines nrrtg,1
lockthemallup,1
crew96,1
weather,1
dermatology consultation medibid dpc freemarket medicalcare,1
adidaslegacy,1
cavs,1
oculusquest,1
gay,1
emotionalintelligence confidence,1
why,1
atlbearshmu,1
pspstudentswing,1
nevada stillvotingforyang,1
onmfc,1
universal inspiring world,1
coronavirusfacts coronavirus,1
mufc refwatch,1
ireadcanadianday,1
capecod,1
oneitselcaday oisd dohyon,1
dreamhorse tonicollette damianlewis,1
happytueaday,1
rocketpride,1
bcbudget bced,1
campbells dedicated finds glen,1
shukla,1
ww2,1
wgbhdebate stickingwithed,1
horrormovies crashpalace spreadthehorror,1
rarediseases,1
veganuary,1
bothell,1
1920s familyseries,1
yotes aboutlastnight,1
job photoeditor journalism,1
democrat berniesandrrs,1
borderlands moxxi tinytina,1
hampton,1
queen leatherlook bootsaddicts,1
jav,1
valentineslovejamsconcert2020,1
warmth smile,1
thegills,1
storyofseasons triooftowns,1
kasautiizindagiikay parthsamthaan,1
loverainynight,1
cosponsor hconres71 dogandcatmeattrade,1
shanghai,1
behindthepodium,1
cbd,1
marketing smallbusiness,1
paraschhabra parasarmy paraskishaadi,1
winterescape,1
az06 anitanewrep,1
rosneft,1
findom blackmail cbt sph castration,1
prosthesis,1
coronavirus china,1
viewerschoiceasim,1
fwdeklerk,1
cdnscreenawards,1
quiznight brunswick,1
iamjustagirl,1
mlbcheatingscandal,1
coles bunnings,1
sobewff,1
20yearchallenge,1
newhousespeaks,1
dylansprouse after,1
timelinetuesday,1
day88,1
moopup pissplay goldenshower flaggingyellow,1
gay jockstrap gayboy,1
kwentongaldenfan,1
donkissfam donkiss,1
jointhehilltop yeahpanthers,1
shepersisted herald chang,1
richbroke,1
mitchplease mitchmcconnell,1
oilers,1
feelingsuccessful,1
crosscountryskiing snow,1
queen,1
opsanaanimam coronavirus,1
fox44wx,1
trump2020 kag chicanosfortrump,1
lancersoccer seniorday,1
flutter dart,1
ripjanetdubois,1
freeupdate twosdaytwogamegiveaway,1
slycooper freeslyfromegypt sly5forps5,1
vacatethetitle mlb mlbcheatingscandal,1
burrardinlet,1
granolacheck,1
sinnfein taoiseach,1
thala valimaidiwali valimai,1
screenability,1
capitalismalone,1
lionup,1
homedecor homedecoration artislife,1
committed,1
lpfamily,1
sizetwitter giantess,1
febdechart,1
bloomberg surveillance,1
bluecattodtiys,1
sugardaddys,1
safekard,1
nojudgement,1
huacheng,1
taiwan,1
uncutgems thegentlemen,1
chicago chicagoscanner shitemssays,1
corona protective mask,1
riseup,1
breaking 9news,1
romance,1
smallstreamersconnect supportsmallstreamers,1
999ep,1
sensarmy hockeyfansinthestands,1
to dream,1
libya lna gna,1
itsnotright,1
picard,1
bundesliga,1
rallysweden,1
aewdark freshlysqueezed extrapulp,1
blooper,1
nigerian,1
btstour,1
since2008,1
nj supertuesday askgovmurphy,1
hokies,1
protopie protopie,1
2a 1a,1
gymshark milf musicfreak sex,1
mcm,1
southbend teampete,1
wearecu,1
hairdaybestday,1
vansoffthewallskatepark,1
borisjohnson dominiccummings,1
loveyourself,1
smackdown,1
fumiyasankai,1
sm,1
beautederm ritken,1
eurusd,1
fnifam,1
trx,1
futureinminutes,1
robocop,1
trump2020nowmorethanever,1
saints,1
chandrababunaidu ahmedpatel,1
txhsfb,1
aasaithathumbucha,1
nashville tennessee ushistory travel,1
yourlocalreaestatepro shanebagwill investorfriendly buyyourhome,1
kik snapchat,1
snl goat,1
masen,1
tariffman,1
antitrust fiduciary trump,1
powerbi,1
allforthegators gogators,1
shehnaazgiil shehnaazgill123 sidnazz,1
greennewdeal gunconfiscation,1
warren,1
kca votebts,1
redneck kludge hillbilly,1
asim foreverwithasim,1
rpgba,1
crimeministermorrison,1
palmbeach,1
charityshop,1
x1 victon seungwoo,1
damas trump2020,1
trumppardons obama clinton,1
iubase,1
voteforbernie,1
facesitting smothering boobs worship mistress,1
hazbinhotel alastor charlie charlastor,1
maitino,1
bleedgreen,1
luckytimeapp,1
midsommar ttrpg midsummer,1
dvatailgating,1
toalltheboys2,1
obamaisbetterateverything obamalegacy,1
crypto cryptocurrency,1
bekind tuesdaymotivation,1
brits harrystyles,1
usa,1
yikes hot100,1
lcs c9lol,1
hereonearth,1
redsox,1
puns,1
theslaymagazine,1
apples antarctica,1
ilovemyspawns momofspawns mommyhoodchaos,1
outdoor lolita orgy,1
tongueouttuesday zshq schnauzergang stumpclub,1
jailbait findom fendom cumtribute sugardaddy paypig,1
defi,1
shotofthenight,1
kacchako,1
wheeloffortune,1
unsignedartist,1
disabilityrc,1
remote,1
5g,1
clip cuckolding,1
beautybeacon,1
tae20,1
americanglutton,1
harrystyles faultyfollicles,1
hagerstownfire,1
anytime moneybox,1
fukushima nuclear disaster japanese shinzoabe nuclearenergy,1
newbeat runitup sicko trapbeats hiphopbeats freebeats,1
anythingforselena mesientomuyexcited,1
cashappblessings,1
happybirthdayrajatsharma,1
horny wankchat,1
oneteam,1
spirituality,1
voteyouneedtocalmdown kca,1
news6 clickorlando sunsetphotography cflwx,1
sleepyprincess,1
climate environment africa,1
shopaew,1
gsbs,1
sanditonseason2 savesanditon,1
loveteaching ntoy20 loveteaching,1
veganuary2020 veganlife,1
tennessee cjreform,1
inclusioncup,1
golfing golf golfer,1
oil,1
sidharthshukla biggboss13 sidhearts sidharthkeaslifan,1
thrillerreader readindie,1
lnpcorruption,1
nevadaforyang,1
dems,1
askfakeidols,1
commonsensegunlaws,1
kindred,1
icbalive2020,1
newcontent,1
vandyboys anchordown,1
lcbs,1
spiritawards,1
nationaldonorday,1
2020census,1
gymbabe onlyfansmodel sexygirl blonde,1
buttbern tuesdaythoughts,1
ocean,1
serialliar,1
gloryfitness 1stamericanjackiecyclemaster,1
thisisus,1
bangoutasweater2020 bangoutamainsqueeze,1
ridinwithbiden,1
fyrefest2,1
hsmtmts,1
hitandrun,1
harveyweinstein,1
hoseok hobidayiscoming,1
bloombergequality,1
savannahsfeed,1
ukraine ukrainian,1
cheshireblack,1
topcops fisa obama,1
happybirthday somgaga thecrocs,1
2adefenders trainhardfighteasy 2a azws,1
ucp,1
physics,1
believe,1
aumf mapoli wgbhdebate,1
amediting writerscommunity,1
badoo,1
connecticut school mandates,1
euthanasia,1
tenterrains,1
pit4busch sweepstakes,1
tapestry,1
rhomelbourne arena foxtel,1
breakfreepersona,1
democratsaredestroyingamerica,1
pardontheswamp moroninchief,1
renton washington,1
fvsu justiceforanitra,1
dwp benefit ukpolitics,1
maanaadu silambarasantr vp09 avppoliics,1
thickdildo,1
tmltalk,1
kag2020landslidevictory,1
miwyhearttohurttalk,1
trumpcrimefamilyforprison,1
gadventures visitperu,1
firewendywilliams nationalwineday,1
9today,1
chadam,1
ios,1
nhsstaffsurvey,1
odilonredon symbolism,1
niteflirt,1
loserlee,1
needit,1
artistsontwitter,1
vanitymetrics,1
dnaworldtour woai,1
sydneyweather,1
retweeet handmade,1
animeawards,1
jisung,1
np synergy1radio dazzbandmike letgoletgod,1
wgbhdebate teamkennedy,1
susanegan,1
feminabeautyawards,1
arsenal premierleague gunners,1
beatforsaleupcomingartist soundclick trapbeats trapmusic,1
utfsv,1
lilhuddyleaked tonylopezleaked mattialeaked kioleaked,1
diversity,1
sachintendulkar,1
feheroes,1
missing dinaspowys wenvoe cf64 wales,1
mayward maymayentrata edwardbarber morhot10,1
crowdfunding campaign ama,1
playinspireunite,1
prayforittybitty,1
findyourfire,1
prophecy tuesdaythoughts,1
officepolitics,1
nutrition deficient,1
evil swp,1
esmuysucia,1
pack9,1
ekpesbookclub,1
highfidelity,1
entreprenuer startup growthhacking business,1
milehighbasketball,1
doom doometernal,1
lfc,1
mukhangperalang,1
ttfvart,1
okstate sooners,1
ateez ateezfanart kpop kpopfanart hohong hongjoong yunho,1
mhworld,1
eriepa,1
prophetic,1
wareagle,1
rt prayingforryan,1
kca voteshawnmendes,1
shameless,1
knightsup weareccri,1
legitsugardaddy,1
fitness health,1
seattle hydroponics vegetables herbs,1
hazbinhotel hazbinhotelfanart,1
cumtribute cocktribute jailbait,1
stillvotingyang,1
andrewsabisky,1
kcpt,1
mnl48hightensionmv,1
socialmedia beepic,1
mccree moira mercy,1
vidconus,1
russia cuba,1
denim,1
trump pogue,1
tulsi potus,1
dnc,1
nationaldrinkwineday redwine,1
2k20 2ktvwow 2kfreeagent nba2k20,1
ewarren,1
tulsigabbard rva,1
sailormoon sailormoonxcolourpop,1
distributed compute,1
notsorry,1
california treasonoustrump,1
win waltonsinc free giveaway,1
superstarbts,1
godukes,1
bestfiends,1
queenofspades irpropaganda,1
godmorningsunday,1
iphone china coronavirus,1
devilitachronicles alitaarmy alitamovie alitasequel alitabattleangel,1
tbt,1
nevertrumper,1
pantyhose cock cum,1
cryptocurrency,1
mets,1
solidarity,1
rating,1
toughnesstuesday,1
fatcells braincells,1
bbn weareuk,1
agile scrum lean coaching agilecoach advice agiletips,1
latech,1
disneyworldmusic,1
paintings,1
carolineflack,1
uted utpol,1
shivajimaharaj shivajimaharaj,1
berniebrocult,1
esawinter20,1
trudeaumustresign,1
livetothefull,1
quote quoteoftheday,1
ripbrookes,1
eventprofs,1
rooneyrule,1
anyonebuttrump2020 votebluenomatterwho2020,1
wolfpack,1
secretlygreatly anotherohhaeyoung,1
mrindia,1
semenart lapupmysap bearcum,1
coronavirus diamondprincess,1
ashbygate,1
sardine,1
limitedpromotion,1
startrek picard,1
travel nature europe traveltuesday,1
etsy supplies spiderscharms,1
randomactsofkindnessday,1
warframe,1
turtlescanfly,1
regency nonfiction,1
scrubs hulu,1
coronavirusnews kentaroiwata,1
blackwallstreet,1
chilistogo,1
walkawaynow,1
kirby scarfsart,1
teacherspayteachers,1
supportafriend needyourhelp goals,1
studentscanlead,1
macgyver,1
dead,1
nomanssky,1
mysticmessenger,1
apexlegends apexlegendsfanart,1
deal ganga,1
birdsofpreymovie,1
marketing digitalmarketing,1
onlinefirst,1
morhot10,1
beatlynch,1
emptythepews,1
hawknation,1
andreabang,1
thevetlife,1
justice,1
frenchart claudemonet,1
criesinbigo,1
morningjoe,1
dodgers springtraining2020,1
losbanos opd,1
amaniquotes,1
talkischeap,1
csk mi,1
tuesday monday,1
census,1
angels,1
watch vmnews,1
s,1
catholic,1
avs islanders,1
schadenfriends7,1
californiaroadtrip,1
torontomapleleafs,1
barr,1
bengaluru,1
goldenness goldenchild,1
teeheeimshy donttouchmyjersey,1
societyunici bacarat,1
adani scottyfrommarketting,1
floatingtoilets floatingtoilets,1
darktowers,1
jungwooday happybirthdayjungwoo,1
thebible,1
cancers,1
seahawks panthers,1
bestlyrics loseyoutoloveme iheartawards,1
wholebuildingtho,1
kerala bible,1
diversedrifter dguk,1
wilderfury2 boxingnews wilderfury,1
postflood,1
demdebate bluewave2020,1
sugardaddyneeded sugarbaby sugardaddyserious sugarbabylife,1
humanaction,1
ultimatelovenaija,1
followthemoney,1
sleep travelmagazinetv campgrtound wachenheim,1
welcomereinier halamadrid,1
caa npr,1
rakeshmaria,1
toptuesday newvideoalert,1
agtg,1
asimriaz himanshikhurana asimanshi jabasimanshimet,1
artsakh,1
somali somalia somaliland proverb,1
sajidnadiadwala,1
us denmark danish,1
aa,1
mambamondays,1
stockings pantyhose tights nylons layers shoedangle heels,1
thesaracartershow,1
iuwp,1
ultmateloveng iykeresa,1
share pledge rescue,1
forlife,1
shadylipz,1
seldem,1
sanditonpbs,1
wot blogpost,1
cpac2020,1
waitingforminho,1
tribunals,1
nowplaying listenlive,1
happyjungwooday neozone jungwoo,1
makeitright hot9at9,1
